-- phpMyAdmin SQL Dump
-- version 5.1.3
-- https://www.phpmyadmin.net/
--
-- Хост: 127.0.0.1:3306
-- Время создания: Сен 11 2023 г., 23:23
-- Версия сервера: 5.7.38
-- Версия PHP: 8.1.5

SET SQL_MODE = "NO_AUTO_VALUE_ON_ZERO";
START TRANSACTION;
SET time_zone = "+00:00";


/*!40101 SET @OLD_CHARACTER_SET_CLIENT=@@CHARACTER_SET_CLIENT */;
/*!40101 SET @OLD_CHARACTER_SET_RESULTS=@@CHARACTER_SET_RESULTS */;
/*!40101 SET @OLD_COLLATION_CONNECTION=@@COLLATION_CONNECTION */;
/*!40101 SET NAMES utf8mb4 */;

--
-- База данных: `cable`
--

-- --------------------------------------------------------

--
-- Структура таблицы `categories`
--

CREATE TABLE `categories` (
  `id` bigint(20) UNSIGNED NOT NULL,
  `category` varchar(255) COLLATE utf8mb4_unicode_ci NOT NULL,
  `slug` varchar(255) COLLATE utf8mb4_unicode_ci NOT NULL,
  `image` varchar(255) COLLATE utf8mb4_unicode_ci DEFAULT NULL,
  `created_at` timestamp NULL DEFAULT NULL,
  `updated_at` timestamp NULL DEFAULT NULL
) ENGINE=InnoDB DEFAULT CHARSET=utf8mb4 COLLATE=utf8mb4_unicode_ci;

--
-- Дамп данных таблицы `categories`
--

INSERT INTO `categories` (`id`, `category`, `slug`, `image`, `created_at`, `updated_at`) VALUES
(6, 'аввг, нг(а), нг(а)-ls, авбш (кабель силовой с пластмассовой изоляцией алюминиевый)', 'avvg-nga-nga-ls-avbs-kabel-silovoi-s-plastmassovoi-izoliaciei-aliuminievyi', 'categories/category_6/5.jpg', '2023-09-10 11:19:23', '2023-09-11 17:13:09'),
(7, 'кабель в резиновой изоляции', 'kabel-v-rezinovoi-izoliacii', 'categories/category_7/7.jpg', '2023-09-07 15:25:45', '2023-09-09 15:08:57'),
(8, 'провод установочный', 'provod-ustanovocnyi', 'categories/category_8/15.jpg', '2023-09-08 15:31:29', '2023-09-09 15:09:14'),
(11, 'а, ас, мг (неизолированные провода)', 'a-as-mg-neizolirovannye-provoda', 'categories/category_11/AC.jpg', '2023-09-09 14:45:32', '2023-09-09 15:49:11');

-- --------------------------------------------------------

--
-- Структура таблицы `failed_jobs`
--

CREATE TABLE `failed_jobs` (
  `id` bigint(20) UNSIGNED NOT NULL,
  `uuid` varchar(255) COLLATE utf8mb4_unicode_ci NOT NULL,
  `connection` text COLLATE utf8mb4_unicode_ci NOT NULL,
  `queue` text COLLATE utf8mb4_unicode_ci NOT NULL,
  `payload` longtext COLLATE utf8mb4_unicode_ci NOT NULL,
  `exception` longtext COLLATE utf8mb4_unicode_ci NOT NULL,
  `failed_at` timestamp NOT NULL DEFAULT CURRENT_TIMESTAMP
) ENGINE=InnoDB DEFAULT CHARSET=utf8mb4 COLLATE=utf8mb4_unicode_ci;

-- --------------------------------------------------------

--
-- Структура таблицы `migrations`
--

CREATE TABLE `migrations` (
  `id` int(10) UNSIGNED NOT NULL,
  `migration` varchar(255) COLLATE utf8mb4_unicode_ci NOT NULL,
  `batch` int(11) NOT NULL
) ENGINE=InnoDB DEFAULT CHARSET=utf8mb4 COLLATE=utf8mb4_unicode_ci;

--
-- Дамп данных таблицы `migrations`
--

INSERT INTO `migrations` (`id`, `migration`, `batch`) VALUES
(1, '2014_10_12_000000_create_users_table', 1),
(2, '2014_10_12_100000_create_password_reset_tokens_table', 1),
(3, '2019_08_19_000000_create_failed_jobs_table', 1),
(4, '2019_12_14_000001_create_personal_access_tokens_table', 1),
(5, '2023_09_06_173422_create_categories_table', 2),
(6, '2023_09_06_180801_add_slug_to_categories_table', 3),
(11, '2023_09_07_183616_create_products_table', 4),
(12, '2023_09_09_155731_add_image_to_categories_table', 5),
(13, '2023_09_11_170629_create_permission_tables', 6);

-- --------------------------------------------------------

--
-- Структура таблицы `model_has_permissions`
--

CREATE TABLE `model_has_permissions` (
  `permission_id` bigint(20) UNSIGNED NOT NULL,
  `model_type` varchar(255) COLLATE utf8mb4_unicode_ci NOT NULL,
  `model_id` bigint(20) UNSIGNED NOT NULL
) ENGINE=InnoDB DEFAULT CHARSET=utf8mb4 COLLATE=utf8mb4_unicode_ci;

-- --------------------------------------------------------

--
-- Структура таблицы `model_has_roles`
--

CREATE TABLE `model_has_roles` (
  `role_id` bigint(20) UNSIGNED NOT NULL,
  `model_type` varchar(255) COLLATE utf8mb4_unicode_ci NOT NULL,
  `model_id` bigint(20) UNSIGNED NOT NULL
) ENGINE=InnoDB DEFAULT CHARSET=utf8mb4 COLLATE=utf8mb4_unicode_ci;

--
-- Дамп данных таблицы `model_has_roles`
--

INSERT INTO `model_has_roles` (`role_id`, `model_type`, `model_id`) VALUES
(1, 'App\\Models\\User', 1),
(3, 'App\\Models\\User', 5);

-- --------------------------------------------------------

--
-- Структура таблицы `password_reset_tokens`
--

CREATE TABLE `password_reset_tokens` (
  `email` varchar(255) COLLATE utf8mb4_unicode_ci NOT NULL,
  `token` varchar(255) COLLATE utf8mb4_unicode_ci NOT NULL,
  `created_at` timestamp NULL DEFAULT NULL
) ENGINE=InnoDB DEFAULT CHARSET=utf8mb4 COLLATE=utf8mb4_unicode_ci;

-- --------------------------------------------------------

--
-- Структура таблицы `permissions`
--

CREATE TABLE `permissions` (
  `id` bigint(20) UNSIGNED NOT NULL,
  `name` varchar(255) COLLATE utf8mb4_unicode_ci NOT NULL,
  `guard_name` varchar(255) COLLATE utf8mb4_unicode_ci NOT NULL,
  `created_at` timestamp NULL DEFAULT NULL,
  `updated_at` timestamp NULL DEFAULT NULL
) ENGINE=InnoDB DEFAULT CHARSET=utf8mb4 COLLATE=utf8mb4_unicode_ci;

-- --------------------------------------------------------

--
-- Структура таблицы `personal_access_tokens`
--

CREATE TABLE `personal_access_tokens` (
  `id` bigint(20) UNSIGNED NOT NULL,
  `tokenable_type` varchar(255) COLLATE utf8mb4_unicode_ci NOT NULL,
  `tokenable_id` bigint(20) UNSIGNED NOT NULL,
  `name` varchar(255) COLLATE utf8mb4_unicode_ci NOT NULL,
  `token` varchar(64) COLLATE utf8mb4_unicode_ci NOT NULL,
  `abilities` text COLLATE utf8mb4_unicode_ci,
  `last_used_at` timestamp NULL DEFAULT NULL,
  `expires_at` timestamp NULL DEFAULT NULL,
  `created_at` timestamp NULL DEFAULT NULL,
  `updated_at` timestamp NULL DEFAULT NULL
) ENGINE=InnoDB DEFAULT CHARSET=utf8mb4 COLLATE=utf8mb4_unicode_ci;

-- --------------------------------------------------------

--
-- Структура таблицы `products`
--

CREATE TABLE `products` (
  `id` bigint(20) UNSIGNED NOT NULL,
  `title` varchar(255) COLLATE utf8mb4_unicode_ci NOT NULL,
  `slug` varchar(255) COLLATE utf8mb4_unicode_ci NOT NULL,
  `price` varchar(255) COLLATE utf8mb4_unicode_ci NOT NULL,
  `quantity` varchar(255) COLLATE utf8mb4_unicode_ci NOT NULL,
  `image` varchar(255) COLLATE utf8mb4_unicode_ci DEFAULT NULL,
  `category_id` bigint(20) UNSIGNED NOT NULL,
  `is_published` tinyint(1) NOT NULL DEFAULT '1',
  `created_at` timestamp NULL DEFAULT NULL,
  `updated_at` timestamp NULL DEFAULT NULL
) ENGINE=InnoDB DEFAULT CHARSET=utf8mb4 COLLATE=utf8mb4_unicode_ci;

--
-- Дамп данных таблицы `products`
--

INSERT INTO `products` (`id`, `title`, `slug`, `price`, `quantity`, `image`, `category_id`, `is_published`, `created_at`, `updated_at`) VALUES
(89, 'КГтп-ХЛ 3x150 + 1x50 380/660-2', 'kgtp-xl-3x150-1x50-380660-2', '6 564.04 руб.', '704 м', 'kabel_rezinovoy_izolyatsii/1.png', 7, 1, '2023-09-08 15:24:20', '2023-09-08 15:24:20'),
(90, 'КГтп-ХЛ 4x120 380/660-2', 'kgtp-xl-4x120-380660-2', '6 335.34 руб.', '686 м', 'kabel_rezinovoy_izolyatsii/2.png', 7, 1, '2023-09-08 15:24:20', '2023-09-08 15:24:20'),
(91, 'КГтп-ХЛ 5x95 380/660-2', 'kgtp-xl-5x95-380660-2', '6 212.16 руб.', '1455 м', 'kabel_rezinovoy_izolyatsii/3.png', 7, 1, '2023-09-08 15:24:20', '2023-09-08 15:24:20'),
(92, 'КГтп-ХЛ 3x120 + 1x35 380/660-2', 'kgtp-xl-3x120-1x35-380660-2', '5 303.36 руб.', '63 м', 'kabel_rezinovoy_izolyatsii/4.png', 7, 1, '2023-09-08 15:24:20', '2023-09-08 15:24:20'),
(93, 'КГтп-ХЛ 4x95 380/660-2', 'kgtp-xl-4x95-380660-2', '5 096.89 руб.', '110 м', 'kabel_rezinovoy_izolyatsii/5.png', 7, 1, '2023-09-08 15:24:20', '2023-09-08 15:24:20'),
(94, 'КГтп-ХЛ 5x70 380/660-2', 'kgtp-xl-5x70-380660-2', '4 898.57 руб.', '665 м', 'kabel_rezinovoy_izolyatsii/6.png', 7, 1, '2023-09-08 15:24:20', '2023-09-08 15:24:20'),
(95, 'КГтп-ХЛ 5x95 -0,66', 'kgtp-xl-5x95-066', '4 441.60 руб.', '12 м', 'kabel_rezinovoy_izolyatsii/7.jpg', 7, 1, '2023-09-08 15:24:20', '2023-09-08 15:24:20'),
(96, 'КГтп-ХЛ 3x95 + 1x35 380/660-2', 'kgtp-xl-3x95-1x35-380660-2', '4 218.53 руб.', '1350 м', 'kabel_rezinovoy_izolyatsii/8.png', 7, 1, '2023-09-08 15:24:20', '2023-09-08 15:24:20'),
(97, 'КГН 1x240 -0,66', 'kgn-1x240-066', '4 009.72 руб.', '480 м', 'kabel_rezinovoy_izolyatsii/9.jpg', 7, 1, '2023-09-08 15:24:20', '2023-09-08 15:24:20'),
(98, 'КГтп-ХЛ 4x70 380/660-2', 'kgtp-xl-4x70-380660-2', '3 739.17 руб.', '631 м', 'kabel_rezinovoy_izolyatsii/10.png', 7, 1, '2023-09-08 15:24:20', '2023-09-08 15:24:20'),
(99, 'КГтп-ХЛ 5x70 -0,66', 'kgtp-xl-5x70-066', '3 506.89 руб.', '2 м', 'kabel_rezinovoy_izolyatsii/11.jpg', 7, 1, '2023-09-08 15:24:20', '2023-09-08 15:24:20'),
(100, 'КГтп-ХЛ 5x50 380/660-2', 'kgtp-xl-5x50-380660-2', '3 422.72 руб.', '1463 м', 'kabel_rezinovoy_izolyatsii/12.png', 7, 1, '2023-09-08 15:24:20', '2023-09-08 15:24:20'),
(101, 'КГтп-ХЛ 1x240 380/660-2', 'kgtp-xl-1x240-380660-2', '3 138.31 руб.', '1484 м', 'kabel_rezinovoy_izolyatsii/13.png', 7, 1, '2023-09-08 15:24:20', '2023-09-08 15:24:20'),
(102, 'КГН 1x185 -0,66', 'kgn-1x185-066', '3 069.46 руб.', '957 м', 'kabel_rezinovoy_izolyatsii/14.jpg', 7, 1, '2023-09-08 15:24:20', '2023-09-08 15:24:20'),
(103, 'КГ 4x50 380/660-2', 'kg-4x50-380660-2', '3 062.88 руб.', '975 м', 'kabel_rezinovoy_izolyatsii/15.jpg', 7, 1, '2023-09-08 15:24:20', '2023-09-08 15:24:20'),
(104, 'КГтп-ХЛ 3x95 + 1x35 -0,66', 'kgtp-xl-3x95-1x35-066', '2 850.47 руб.', '10 м', 'kabel_rezinovoy_izolyatsii/16.jpg', 7, 1, '2023-09-08 15:24:20', '2023-09-08 15:24:20'),
(105, 'КГтп-ХЛ 4x50 380/660-2', 'kgtp-xl-4x50-380660-2', '2 754.16 руб.', '64 м', 'kabel_rezinovoy_izolyatsii/17.png', 7, 1, '2023-09-08 15:24:20', '2023-09-08 15:24:20'),
(106, 'КГ 3x50 + 1x16 380/660-2', 'kg-3x50-1x16-380660-2', '2 576.64 руб.', '1351 м', 'kabel_rezinovoy_izolyatsii/18.jpg', 7, 1, '2023-09-08 15:24:20', '2023-09-08 15:24:20'),
(107, 'КГтп-ХЛ 5x35 380/660-2', 'kgtp-xl-5x35-380660-2', '2 398.88 руб.', '2130 м', 'kabel_rezinovoy_izolyatsii/19.png', 7, 1, '2023-09-08 15:24:20', '2023-09-08 15:24:20'),
(108, 'КГтп-ХЛ 1x185 380/660-2', 'kgtp-xl-1x185-380660-2', '2 334.95 руб.', '536 м', 'kabel_rezinovoy_izolyatsii/20.png', 7, 1, '2023-09-08 15:24:20', '2023-09-08 15:24:20'),
(109, 'КГтп-ХЛ 4x50 -0,66', 'kgtp-xl-4x50-066', '2 308.71 руб.', '15 м', 'kabel_rezinovoy_izolyatsii/21.jpg', 7, 1, '2023-09-08 15:24:20', '2023-09-08 15:24:20'),
(110, 'КГтп-ХЛ 3x50 + 1x16 380/660-2', 'kgtp-xl-3x50-1x16-380660-2', '2 286.61 руб.', '212 м', 'kabel_rezinovoy_izolyatsii/22.png', 7, 1, '2023-09-08 15:24:20', '2023-09-08 15:24:20'),
(111, 'КГ 4x35 380/660-2', 'kg-4x35-380660-2', '2 150.37 руб.', '1268 м', 'kabel_rezinovoy_izolyatsii/23.jpg', 7, 1, '2023-09-08 15:24:20', '2023-09-08 15:24:20'),
(112, 'КГ 1x150 380/660-2', 'kg-1x150-380660-2', '2 132.97 руб.', '1025 м', 'kabel_rezinovoy_izolyatsii/24.jpg', 7, 1, '2023-09-08 15:24:20', '2023-09-08 15:24:20'),
(113, 'КГН 1x120 -0,66', 'kgn-1x120-066', '2 028.57 руб.', '44 м', 'kabel_rezinovoy_izolyatsii/25.jpg', 7, 1, '2023-09-08 15:24:21', '2023-09-08 15:24:21'),
(114, 'КГ 3x50 + 1x16 -0,66', 'kg-3x50-1x16-066', '1 992.26 руб.', '30 м', 'kabel_rezinovoy_izolyatsii/26.jpg', 7, 1, '2023-09-08 15:24:21', '2023-09-08 15:24:21'),
(115, 'КГтп-ХЛ 4x35 380/660-2', 'kgtp-xl-4x35-380660-2', '1 911.76 руб.', '641 м', 'kabel_rezinovoy_izolyatsii/27.png', 7, 1, '2023-09-08 15:24:21', '2023-09-08 15:24:21'),
(116, 'КГН 4x25 -0,66', 'kgn-4x25-066', '1 873.88 руб.', '1298 м', 'kabel_rezinovoy_izolyatsii/28.jpg', 7, 1, '2023-09-08 15:24:21', '2023-09-08 15:24:21'),
(117, 'КГ 5x25 380/660-2', 'kg-5x25-380660-2', '1 861.46 руб.', '1364 м', 'kabel_rezinovoy_izolyatsii/29.jpg', 7, 1, '2023-09-08 15:24:21', '2023-09-08 15:24:21'),
(118, 'КГ 3x35 + 1x10 380/660-2', 'kg-3x35-1x10-380660-2', '1 774.18 руб.', '917 м', 'kabel_rezinovoy_izolyatsii/30.jpg', 7, 1, '2023-09-08 15:24:21', '2023-09-08 15:24:21'),
(119, 'КГ 1x120 380/660-2', 'kg-1x120-380660-2', '1 708.10 руб.', '254 м', 'kabel_rezinovoy_izolyatsii/31.jpg', 7, 1, '2023-09-08 15:24:21', '2023-09-08 15:24:21'),
(120, 'КГтп-ХЛ 5x25 380/660-2', 'kgtp-xl-5x25-380660-2', '1 675.33 руб.', '5793 м', 'kabel_rezinovoy_izolyatsii/32.png', 7, 1, '2023-09-08 15:24:21', '2023-09-08 15:24:21'),
(121, 'КГтп-ХЛ 1x120 380/660-2', 'kgtp-xl-1x120-380660-2', '1 579.22 руб.', '1374 м', 'kabel_rezinovoy_izolyatsii/33.png', 7, 1, '2023-09-08 15:24:21', '2023-09-08 15:24:21'),
(122, 'КГтп-ХЛ 3x35 + 1x10 380/660-2', 'kgtp-xl-3x35-1x10-380660-2', '1 573.21 руб.', '2104 м', 'kabel_rezinovoy_izolyatsii/34.png', 7, 1, '2023-09-08 15:24:21', '2023-09-08 15:24:21'),
(123, 'КГ 4x25 380/660-2', 'kg-4x25-380660-2', '1 571.09 руб.', '420 м', 'kabel_rezinovoy_izolyatsii/35.jpg', 7, 1, '2023-09-08 15:24:21', '2023-09-08 15:24:21'),
(124, 'КГ 1x95 380/660-2', 'kg-1x95-380660-2', '1 424.18 руб.', '2858 м', 'kabel_rezinovoy_izolyatsii/36.jpg', 7, 1, '2023-09-08 15:24:21', '2023-09-08 15:24:21'),
(125, 'КГтп-ХЛ 4x25 380/660-2', 'kgtp-xl-4x25-380660-2', '1 371.22 руб.', '3144 м', 'kabel_rezinovoy_izolyatsii/37.png', 7, 1, '2023-09-08 15:24:21', '2023-09-08 15:24:21'),
(126, 'КГ 3x25 + 1x10 380/660-2', 'kg-3x25-1x10-380660-2', '1 267.15 руб.', '930 м', 'kabel_rezinovoy_izolyatsii/38.jpg', 7, 1, '2023-09-08 15:24:21', '2023-09-08 15:24:21'),
(127, 'КГ 5x16 380/660-2', 'kg-5x16-380660-2', '1 244.49 руб.', '1169 м', 'kabel_rezinovoy_izolyatsii/39.jpg', 7, 1, '2023-09-08 15:24:21', '2023-09-08 15:24:21'),
(128, 'КГтп 1x95 380/660-2', 'kgtp-1x95-380660-2', '1 240.04 руб.', '895 м', 'kabel_rezinovoy_izolyatsii/40.png', 7, 1, '2023-09-08 15:24:21', '2023-09-08 15:24:21'),
(129, 'КГН 1x70 -0,66', 'kgn-1x70-066', '1 219.32 руб.', '283 м', 'kabel_rezinovoy_izolyatsii/41.jpg', 7, 1, '2023-09-08 15:24:21', '2023-09-08 15:24:21'),
(130, 'КГН 4x16 -0,66', 'kgn-4x16-066', '1 205.47 руб.', '914 м', 'kabel_rezinovoy_izolyatsii/42.jpg', 7, 1, '2023-09-08 15:24:21', '2023-09-08 15:24:21'),
(131, 'КГтп-ХЛ 3x25 + 1x10 380/660-2', 'kgtp-xl-3x25-1x10-380660-2', '1 196.01 руб.', '1029 м', 'kabel_rezinovoy_izolyatsii/43.png', 7, 1, '2023-09-08 15:24:21', '2023-09-08 15:24:21'),
(132, 'КГтп-ХЛ 1x95 380/660-2', 'kgtp-xl-1x95-380660-2', '1 176.78 руб.', '1428 м', 'kabel_rezinovoy_izolyatsii/44.png', 7, 1, '2023-09-08 15:24:21', '2023-09-08 15:24:21'),
(133, 'КГтп-ХЛ 5x16 380/660-2', 'kgtp-xl-5x16-380660-2', '1 090.53 руб.', '5906 м', 'kabel_rezinovoy_izolyatsii/45.png', 7, 1, '2023-09-08 15:24:21', '2023-09-08 15:24:21'),
(134, 'КГтп 5x16 380/660-2', 'kgtp-5x16-380660-2', '1 090.53 руб.', '909 м', 'kabel_rezinovoy_izolyatsii/46.png', 7, 1, '2023-09-08 15:24:21', '2023-09-08 15:24:21'),
(135, 'КГ 1x70 380/660-2', 'kg-1x70-380660-2', '1 005.81 руб.', '4528 м', 'kabel_rezinovoy_izolyatsii/47.jpg', 7, 1, '2023-09-08 15:24:21', '2023-09-08 15:24:21'),
(136, 'КГ 4x16 380/660-2', 'kg-4x16-380660-2', '1 004.10 руб.', '1405 м', 'kabel_rezinovoy_izolyatsii/48.jpg', 7, 1, '2023-09-08 15:24:21', '2023-09-08 15:24:21'),
(137, 'КГ 4x16 -0,66', 'kg-4x16-066', '946.18 руб.', '33 м', 'kabel_rezinovoy_izolyatsii/49.jpg', 7, 1, '2023-09-08 15:24:21', '2023-09-08 15:24:21'),
(138, 'КГтп-ХЛ 1x70 380/660-2', 'kgtp-xl-1x70-380660-2', '928.81 руб.', '3939 м', 'kabel_rezinovoy_izolyatsii/50.png', 7, 1, '2023-09-08 15:24:22', '2023-09-08 15:24:22'),
(139, 'КГтп 1x70 380/660-2', 'kgtp-1x70-380660-2', '919.23 руб.', '1207 м', 'kabel_rezinovoy_izolyatsii/51.png', 7, 1, '2023-09-08 15:24:22', '2023-09-08 15:24:22'),
(140, 'КГтп-ХЛ 4x16 380/660-2', 'kgtp-xl-4x16-380660-2', '881.49 руб.', '2836 м', 'kabel_rezinovoy_izolyatsii/52.png', 7, 1, '2023-09-08 15:24:22', '2023-09-08 15:24:22'),
(141, 'КГтп 4x16 380/660-2', 'kgtp-4x16-380660-2', '881.49 руб.', '886 м', 'kabel_rezinovoy_izolyatsii/53.png', 7, 1, '2023-09-08 15:24:22', '2023-09-08 15:24:22'),
(142, 'КГН 1x50 -0,66', 'kgn-1x50-066', '879.63 руб.', '549 м', 'kabel_rezinovoy_izolyatsii/54.jpg', 7, 1, '2023-09-08 15:24:22', '2023-09-08 15:24:22'),
(143, 'КГ 5x10 380/660-2', 'kg-5x10-380660-2', '856.35 руб.', '664 м', 'kabel_rezinovoy_izolyatsii/55.jpg', 7, 1, '2023-09-08 15:24:22', '2023-09-08 15:24:22'),
(144, 'КГ 3x16 + 1x6 380/660-2', 'kg-3x16-1x6-380660-2', '847.13 руб.', '297 м', 'kabel_rezinovoy_izolyatsii/56.jpg', 7, 1, '2023-09-08 15:24:22', '2023-09-08 15:24:22'),
(145, 'КГН 4x10 -0,66', 'kgn-4x10-066', '786.27 руб.', '105 м', 'kabel_rezinovoy_izolyatsii/57.jpg', 7, 1, '2023-09-08 15:24:22', '2023-09-08 15:24:22'),
(146, 'КГтп-ХЛ 3x16 + 1x6 380/660-2', 'kgtp-xl-3x16-1x6-380660-2', '778.05 руб.', '757 м', 'kabel_rezinovoy_izolyatsii/58.png', 7, 1, '2023-09-08 15:24:22', '2023-09-08 15:24:22'),
(147, 'КГ 1x50 380/660-2', 'kg-1x50-380660-2', '750.37 руб.', '1617 м', 'kabel_rezinovoy_izolyatsii/59.jpg', 7, 1, '2023-09-08 15:24:22', '2023-09-08 15:24:22'),
(148, 'КГтп-ХЛ 5x10 380/660-2', 'kgtp-xl-5x10-380660-2', '731.69 руб.', '2855 м', 'kabel_rezinovoy_izolyatsii/60.png', 7, 1, '2023-09-08 15:24:22', '2023-09-08 15:24:22'),
(149, 'КГтп 5x10 380/660-2', 'kgtp-5x10-380660-2', '709.06 руб.', '402 м', 'kabel_rezinovoy_izolyatsii/61.png', 7, 1, '2023-09-08 15:24:22', '2023-09-08 15:24:22'),
(150, 'КГтп 1x50 380/660-2', 'kgtp-1x50-380660-2', '681.13 руб.', '705 м', 'kabel_rezinovoy_izolyatsii/62.jpg', 7, 1, '2023-09-08 15:24:22', '2023-09-08 15:24:22'),
(151, 'КГ 4x10 380/660-2', 'kg-4x10-380660-2', '680.92 руб.', '241 м', 'kabel_rezinovoy_izolyatsii/63.jpg', 7, 1, '2023-09-08 15:24:22', '2023-09-08 15:24:22'),
(152, 'КГтп-ХЛ 1x50 380/660-2', 'kgtp-xl-1x50-380660-2', '674.03 руб.', '1144 м', 'kabel_rezinovoy_izolyatsii/64.png', 7, 1, '2023-09-08 15:24:22', '2023-09-08 15:24:22'),
(153, 'КГН 5x6 -0,66', 'kgn-5x6-066', '630.01 руб.', '97 м', 'kabel_rezinovoy_izolyatsii/65.jpg', 7, 1, '2023-09-08 15:24:22', '2023-09-08 15:24:22'),
(154, 'КГН 1x35 -0,66', 'kgn-1x35-066', '628.29 руб.', '118 м', 'kabel_rezinovoy_izolyatsii/66.jpg', 7, 1, '2023-09-08 15:24:22', '2023-09-08 15:24:22'),
(155, 'КГ 3x10 + 1x6 380/660-2', 'kg-3x10-1x6-380660-2', '606.60 руб.', '1875 м', 'kabel_rezinovoy_izolyatsii/67.jpg', 7, 1, '2023-09-08 15:24:22', '2023-09-08 15:24:22'),
(156, 'РПШ 10x2,5 -0,38', 'rps-10x25-038', '602.23 руб.', '529 м', 'kabel_rezinovoy_izolyatsii/68.jpg', 7, 1, '2023-09-08 15:24:22', '2023-09-08 15:24:22'),
(157, 'КГтп-ХЛ 4x10 380/660-2', 'kgtp-xl-4x10-380660-2', '566.86 руб.', '5615 м', 'kabel_rezinovoy_izolyatsii/69.png', 7, 1, '2023-09-08 15:24:22', '2023-09-08 15:24:22'),
(158, 'КГтп 4x10 380/660-2', 'kgtp-4x10-380660-2', '566.86 руб.', '499 м', 'kabel_rezinovoy_izolyatsii/70.png', 7, 1, '2023-09-08 15:24:22', '2023-09-08 15:24:22'),
(159, 'КГН 4x6 -0,66', 'kgn-4x6-066', '538.40 руб.', '689 м', 'kabel_rezinovoy_izolyatsii/71.jpg', 7, 1, '2023-09-08 15:24:22', '2023-09-08 15:24:22'),
(160, 'КГтп-ХЛ 3x10 + 1x6 380/660-2', 'kgtp-xl-3x10-1x6-380660-2', '535.37 руб.', '301 м', 'kabel_rezinovoy_izolyatsii/72.png', 7, 1, '2023-09-08 15:24:22', '2023-09-08 15:24:22'),
(161, 'РПШ 14x1,5 -0,38', 'rps-14x15-038', '533.30 руб.', '478 м', 'kabel_rezinovoy_izolyatsii/73.jpg', 7, 1, '2023-09-08 15:24:22', '2023-09-08 15:24:22'),
(162, 'КГН 3x6 + 1x6-0,66', 'kgn-3x6-1x6-066', '525.87 руб.', '1049 м', 'kabel_rezinovoy_izolyatsii/74.jpg', 7, 1, '2023-09-08 15:24:22', '2023-09-08 15:24:22'),
(163, 'КГ 1x35 380/660-2', 'kg-1x35-380660-2', '522.24 руб.', '366 м', 'kabel_rezinovoy_izolyatsii/75.jpg', 7, 1, '2023-09-08 15:24:22', '2023-09-08 15:24:22'),
(164, 'КГ 5x6 380/660-3', 'kg-5x6-380660-3', '507.05 руб.', '100 м', 'kabel_rezinovoy_izolyatsii/76.jpg', 7, 1, '2023-09-08 15:24:22', '2023-09-08 15:24:22'),
(165, 'КГтп-ХЛ 1x35 380/660-2', 'kgtp-xl-1x35-380660-2', '473.45 руб.', '4927 м', 'kabel_rezinovoy_izolyatsii/77.png', 7, 1, '2023-09-08 15:24:22', '2023-09-08 15:24:22'),
(166, 'КГтп 1x35 380/660-2', 'kgtp-1x35-380660-2', '468.46 руб.', '60 м', 'kabel_rezinovoy_izolyatsii/78.jpg', 7, 1, '2023-09-08 15:24:22', '2023-09-08 15:24:22'),
(167, 'КГН 1x25 -0,66', 'kgn-1x25-066', '454.10 руб.', '40 м', 'kabel_rezinovoy_izolyatsii/79.jpg', 7, 1, '2023-09-08 15:24:23', '2023-09-08 15:24:23'),
(168, 'КГтп-ХЛ 3x10 380/660-2', 'kgtp-xl-3x10-380660-2', '453.34 руб.', '96 м', 'kabel_rezinovoy_izolyatsii/80.png', 7, 1, '2023-09-08 15:24:23', '2023-09-08 15:24:23'),
(169, 'КГтп-ХЛ 5x6 380/660-3', 'kgtp-xl-5x6-380660-3', '436.52 руб.', '572 м', 'kabel_rezinovoy_izolyatsii/81.png', 7, 1, '2023-09-08 15:24:23', '2023-09-08 15:24:23'),
(170, 'КГтп 5x6 380/660-3', 'kgtp-5x6-380660-3', '434.23 руб.', '3794 м', 'kabel_rezinovoy_izolyatsii/82.png', 7, 1, '2023-09-08 15:24:23', '2023-09-08 15:24:23'),
(171, 'РПШ 7x2,5 -0,38', 'rps-7x25-038', '423.30 руб.', '730 м', 'kabel_rezinovoy_izolyatsii/83.jpg', 7, 1, '2023-09-08 15:24:23', '2023-09-08 15:24:23'),
(172, 'КГН 3x6 -0,66', 'kgn-3x6-066', '402.71 руб.', '237 м', 'kabel_rezinovoy_izolyatsii/84.jpg', 7, 1, '2023-09-08 15:24:23', '2023-09-08 15:24:23'),
(173, 'КГтп 1x35 -0,66', 'kgtp-1x35-066', '400.38 руб.', '36 м', 'kabel_rezinovoy_izolyatsii/85.jpg', 7, 1, '2023-09-08 15:24:23', '2023-09-08 15:24:23'),
(174, 'РПШ 10x1,5 -0,38', 'rps-10x15-038', '399.76 руб.', '54 м', 'kabel_rezinovoy_izolyatsii/86.jpg', 7, 1, '2023-09-08 15:24:23', '2023-09-08 15:24:23'),
(175, 'КГ 3x6 + 1x4 380/660-3', 'kg-3x6-1x4-380660-3', '382.89 руб.', '1342 м', 'kabel_rezinovoy_izolyatsii/87.jpg', 7, 1, '2023-09-08 15:24:23', '2023-09-08 15:24:23'),
(176, 'КГ 1x25 380/660-2', 'kg-1x25-380660-2', '378.20 руб.', '692 м', 'kabel_rezinovoy_izolyatsii/88.jpg', 7, 1, '2023-09-08 15:24:23', '2023-09-08 15:24:23'),
(177, 'КГтп-ХЛ 3x10 -0,66', 'kgtp-xl-3x10-066', '372.13 руб.', '16 м', 'kabel_rezinovoy_izolyatsii/89.jpg', 7, 1, '2023-09-08 15:24:23', '2023-09-08 15:24:23'),
(178, 'КГН 4x4 -0,66', 'kgn-4x4-066', '361.67 руб.', '575 м', 'kabel_rezinovoy_izolyatsii/90.jpg', 7, 1, '2023-09-08 15:24:23', '2023-09-08 15:24:23'),
(179, 'КГ 5x4 380/660-3', 'kg-5x4-380660-3', '358.34 руб.', '1786 м', 'kabel_rezinovoy_izolyatsii/91.jpg', 7, 1, '2023-09-08 15:24:23', '2023-09-08 15:24:23'),
(180, 'КГтп-ХЛ 4x6 380/660-3', 'kgtp-xl-4x6-380660-3', '351.59 руб.', '1232 м', 'kabel_rezinovoy_izolyatsii/92.jpg', 7, 1, '2023-09-08 15:24:23', '2023-09-08 15:24:23'),
(181, 'КГтп 4x6 380/660-3', 'kgtp-4x6-380660-3', '346.95 руб.', '3288 м', 'kabel_rezinovoy_izolyatsii/93.png', 7, 1, '2023-09-08 15:24:23', '2023-09-08 15:24:23'),
(182, 'КГтп 1x25 380/660-2', 'kgtp-1x25-380660-2', '334.31 руб.', '2354 м', 'kabel_rezinovoy_izolyatsii/94.jpg', 7, 1, '2023-09-08 15:24:23', '2023-09-08 15:24:23'),
(183, 'КГтп-ХЛ 1x25 380/660-2', 'kgtp-xl-1x25-380660-2', '334.31 руб.', '4448 м', 'kabel_rezinovoy_izolyatsii/95.png', 7, 1, '2023-09-08 15:24:23', '2023-09-08 15:24:23'),
(184, 'КГН 5x2,5 -0,66', 'kgn-5x25-066', '327.65 руб.', '591 м', 'kabel_rezinovoy_izolyatsii/96.jpg', 7, 1, '2023-09-08 15:24:23', '2023-09-08 15:24:23'),
(185, 'КГтп-ХЛ 3x6 + 1x4 380/660-3', 'kgtp-xl-3x6-1x4-380660-3', '326.73 руб.', '829 м', 'kabel_rezinovoy_izolyatsii/97.png', 7, 1, '2023-09-08 15:24:23', '2023-09-08 15:24:23'),
(186, 'КГтп-ХЛ 5x4 380/660-3', 'kgtp-xl-5x4-380660-3', '303.78 руб.', '733 м', 'kabel_rezinovoy_izolyatsii/98.png', 7, 1, '2023-09-08 15:24:23', '2023-09-08 15:24:23'),
(187, 'КГН 3x4 -0,66', 'kgn-3x4-066', '294.75 руб.', '302 м', 'kabel_rezinovoy_izolyatsii/99.jpg', 7, 1, '2023-09-08 15:24:23', '2023-09-08 15:24:23'),
(188, 'КГтп 5x4 380/660-3', 'kgtp-5x4-380660-3', '294.29 руб.', '3897 м', 'kabel_rezinovoy_izolyatsii/100.png', 7, 1, '2023-09-08 15:24:23', '2023-09-08 15:24:23'),
(189, 'РПШ 7x1,5 -0,38', 'rps-7x15-038', '266.17 руб.', '382 м', 'kabel_rezinovoy_izolyatsii/101.jpg', 7, 1, '2023-09-08 15:24:23', '2023-09-08 15:24:23'),
(190, 'КГтп-ХЛ 3x6 380/660-3', 'kgtp-xl-3x6-380660-3', '262.35 руб.', '1719 м', 'kabel_rezinovoy_izolyatsii/102.png', 7, 1, '2023-09-08 15:24:23', '2023-09-08 15:24:23'),
(191, 'КГН 4x2,5 -0,66', 'kgn-4x25-066-1', '248.98 руб.', '982 м', 'kabel_rezinovoy_izolyatsii/103.jpg', 7, 1, '2023-09-08 15:24:23', '2023-09-08 15:24:23'),
(192, 'КГ 1x16 380/660-2', 'kg-1x16-380660-2', '246.66 руб.', '2525 м', 'kabel_rezinovoy_izolyatsii/104.jpg', 7, 1, '2023-09-08 15:24:23', '2023-09-08 15:24:23'),
(193, 'КГтп-ХЛ 4x4 380/660-3', 'kgtp-xl-4x4-380660-3', '238.96 руб.', '6773 м', 'kabel_rezinovoy_izolyatsii/105.jpg', 7, 1, '2023-09-08 15:24:23', '2023-09-08 15:24:23'),
(194, 'ПуГВнг(А)-LS 1x240 бел.', 'pugvnga-ls-1x240-bel', '2 872.84 руб.', '2685 м', 'provod_ustanovochniy/1.jpg', 8, 1, '2023-09-08 15:41:24', '2023-09-08 15:41:24'),
(195, 'ПуГВнг(А)-LS 1x240 ж/з', 'pugvnga-ls-1x240-zz', '2 872.84 руб.', '841 м', 'provod_ustanovochniy/2.jpg', 8, 1, '2023-09-08 15:41:24', '2023-09-08 15:41:24'),
(196, 'ПуГВнг(А)-LS 1x185 ж/з', 'pugvnga-ls-1x185-zz', '2 206.13 руб.', '1209 м', 'provod_ustanovochniy/3.jpg', 8, 1, '2023-09-08 15:41:24', '2023-09-08 15:41:24'),
(197, 'ПуГВнг(А)-LS 1x185 бел.', 'pugvnga-ls-1x185-bel', '2 206.13 руб.', '2369 м', 'provod_ustanovochniy/4.jpg', 8, 1, '2023-09-08 15:41:24', '2023-09-08 15:41:24'),
(198, 'ПуГВнг(А)-LS 1x150 черн.', 'pugvnga-ls-1x150-cern', '1 907.55 руб.', '219 м', 'provod_ustanovochniy/5.jpg', 8, 1, '2023-09-08 15:41:24', '2023-09-08 15:41:24'),
(199, 'ПуГВнг(А)-LS 1x150 ж/з', 'pugvnga-ls-1x150-zz', '1 907.55 руб.', '1480 м', 'provod_ustanovochniy/6.jpg', 8, 1, '2023-09-08 15:41:24', '2023-09-08 15:41:24'),
(200, 'ПуГВнг(А)-LS 1x150 бел.', 'pugvnga-ls-1x150-bel', '1 907.55 руб.', '1707 м', 'provod_ustanovochniy/7.jpg', 8, 1, '2023-09-08 15:41:24', '2023-09-08 15:41:24'),
(201, 'ПуГВнг(А)-LS 1x150 гол.', 'pugvnga-ls-1x150-gol', '1 869.40 руб.', '646 м', 'provod_ustanovochniy/8.jpg', 8, 1, '2023-09-08 15:41:24', '2023-09-08 15:41:24'),
(202, 'ПуГВ 1x185 гол.', 'pugv-1x185-gol', '1 726.24 руб.', '15 м', 'provod_ustanovochniy/9.jpg', 8, 1, '2023-09-08 15:41:24', '2023-09-08 15:41:24'),
(203, 'ПуГВнг(А)-LS 1x120 бел.', 'pugvnga-ls-1x120-bel', '1 449.12 руб.', '419 м', 'provod_ustanovochniy/10.jpg', 8, 1, '2023-09-08 15:41:24', '2023-09-08 15:41:24'),
(204, 'ПуГВнг(А)-LS 1x120 черн.', 'pugvnga-ls-1x120-cern', '1 449.12 руб.', '444 м', 'provod_ustanovochniy/11.jpg', 8, 1, '2023-09-08 15:41:24', '2023-09-08 15:41:24'),
(205, 'ПуГВнг(А)-LS 1x120 ж/з', 'pugvnga-ls-1x120-zz', '1 449.12 руб.', '793 м', 'provod_ustanovochniy/12.jpg', 8, 1, '2023-09-08 15:41:24', '2023-09-08 15:41:24'),
(206, 'ПуГВнг(А)-LS 1x120 гол.', 'pugvnga-ls-1x120-gol', '1 420.14 руб.', '778 м', 'provod_ustanovochniy/13.jpg', 8, 1, '2023-09-08 15:41:24', '2023-09-08 15:41:24'),
(207, 'ПуГВнг(А)-LS 1x95 бел.', 'pugvnga-ls-1x95-bel', '1 163.04 руб.', '2921 м', 'provod_ustanovochniy/14.jpg', 8, 1, '2023-09-08 15:41:24', '2023-09-08 15:41:24'),
(208, 'ПуГВнг(А)-LS 1x95 ж/з', 'pugvnga-ls-1x95-zz', '1 163.04 руб.', '1768 м', 'provod_ustanovochniy/15.jpg', 8, 1, '2023-09-08 15:41:24', '2023-09-08 15:41:24'),
(209, 'ПуГВнг(А)-LS 1x95 черн.', 'pugvnga-ls-1x95-cern', '1 163.04 руб.', '885 м', 'provod_ustanovochniy/16.jpg', 8, 1, '2023-09-08 15:41:24', '2023-09-08 15:41:24'),
(210, 'ПуГВнг(А)-LS 1x95 бел. (РЭК-PRYSMIAN)', 'pugvnga-ls-1x95-bel-rek-prysmian', '1 150.69 руб.', '30 м', 'provod_ustanovochniy/17.jpg', 8, 1, '2023-09-08 15:41:24', '2023-09-08 15:41:24'),
(211, 'ПуГВнг(А)-LS 1x95 гол.', 'pugvnga-ls-1x95-gol', '1 128.15 руб.', '1349 м', 'provod_ustanovochniy/18.jpg', 8, 1, '2023-09-08 15:41:24', '2023-09-08 15:41:24'),
(212, 'ПуГВ 1x120 гол.', 'pugv-1x120-gol', '1 113.14 руб.', '56 м', 'provod_ustanovochniy/19.jpg', 8, 1, '2023-09-08 15:41:24', '2023-09-08 15:41:24'),
(213, 'ПуГВ 1x120 красн.', 'pugv-1x120-krasn', '1 104.77 руб.', '51 м', 'provod_ustanovochniy/20.jpg', 8, 1, '2023-09-08 15:41:24', '2023-09-08 15:41:24'),
(214, 'ПуГВ 1x95 гол.', 'pugv-1x95-gol', '883.27 руб.', '33 м', 'provod_ustanovochniy/21.jpg', 8, 1, '2023-09-08 15:41:25', '2023-09-08 15:41:25'),
(215, 'ПуГВнг(А)-LS 1x70 бел.', 'pugvnga-ls-1x70-bel', '876.61 руб.', '3961 м', 'provod_ustanovochniy/22.jpg', 8, 1, '2023-09-08 15:41:25', '2023-09-08 15:41:25'),
(216, 'ПуГВнг(А)-LS 1x70 черн.', 'pugvnga-ls-1x70-cern', '876.61 руб.', '5373 м', 'provod_ustanovochniy/23.jpg', 8, 1, '2023-09-08 15:41:25', '2023-09-08 15:41:25'),
(217, 'ПуГВнг(А)-LS 1x70 красн.', 'pugvnga-ls-1x70-krasn', '876.61 руб.', '891 м', 'provod_ustanovochniy/24.jpg', 8, 1, '2023-09-08 15:41:25', '2023-09-08 15:41:25'),
(218, 'ПуГВнг(А)-LS 1x70 ж/з', 'pugvnga-ls-1x70-zz', '841.55 руб.', '1891 м', 'provod_ustanovochniy/25.jpg', 8, 1, '2023-09-08 15:41:25', '2023-09-08 15:41:25'),
(219, 'ПуГВнг(А)-LS 1x70 гол.', 'pugvnga-ls-1x70-gol', '841.55 руб.', '1089 м', 'provod_ustanovochniy/26.jpg', 8, 1, '2023-09-08 15:41:25', '2023-09-08 15:41:25'),
(220, 'ПуГВнг(А)-LS 1x70 ж/з (РЭК-PRYSMIAN)', 'pugvnga-ls-1x70-zz-rek-prysmian', '822.77 руб.', '182 м', 'provod_ustanovochniy/27.jpg', 8, 1, '2023-09-08 15:41:25', '2023-09-08 15:41:25'),
(221, 'ПуГВнг(А)-LS 1x50 черн.', 'pugvnga-ls-1x50-cern', '606.62 руб.', '508 м', 'provod_ustanovochniy/28.jpg', 8, 1, '2023-09-08 15:41:25', '2023-09-08 15:41:25'),
(222, 'ПуГВнг(А)-LS 1x50 гол.', 'pugvnga-ls-1x50-gol', '606.62 руб.', '185 м', 'provod_ustanovochniy/29.jpg', 8, 1, '2023-09-08 15:41:25', '2023-09-08 15:41:25'),
(223, 'ПуГВнг(А)-LS 1x50 бел.', 'pugvnga-ls-1x50-bel', '606.62 руб.', '7076 м', 'provod_ustanovochniy/30.jpg', 8, 1, '2023-09-08 15:41:25', '2023-09-08 15:41:25'),
(224, 'ПуГВнг(А)-LS 1x50 ж/з', 'pugvnga-ls-1x50-zz', '606.62 руб.', '2558 м', 'provod_ustanovochniy/31.jpg', 8, 1, '2023-09-08 15:41:25', '2023-09-08 15:41:25'),
(225, 'ПуГВнг(А)-LS 1x35 ж/з', 'pugvnga-ls-1x35-zz', '429.30 руб.', '1939 м', 'provod_ustanovochniy/32.jpg', 8, 1, '2023-09-08 15:41:25', '2023-09-08 15:41:25'),
(226, 'ПуГВнг(А)-LS 1x35 бел.', 'pugvnga-ls-1x35-bel', '429.30 руб.', '4709 м', 'provod_ustanovochniy/33.jpg', 8, 1, '2023-09-08 15:41:25', '2023-09-08 15:41:25'),
(227, 'ПуГВнг(А)-LS 1x35 гол.', 'pugvnga-ls-1x35-gol', '429.30 руб.', '809 м', 'provod_ustanovochniy/34.jpg', 8, 1, '2023-09-08 15:41:25', '2023-09-08 15:41:25'),
(228, 'ПуГВ 1x35 красн.', 'pugv-1x35-krasn', '424.21 руб.', '832 м', 'provod_ustanovochniy/35.jpg', 8, 1, '2023-09-08 15:41:25', '2023-09-08 15:41:25'),
(229, 'ПуГВ 1x35 черн.', 'pugv-1x35-cern', '424.21 руб.', '3599 м', 'provod_ustanovochniy/36.jpg', 8, 1, '2023-09-08 15:41:25', '2023-09-08 15:41:25'),
(230, 'ПуГВ 1x35 бел.', 'pugv-1x35-bel', '424.21 руб.', '3969 м', 'provod_ustanovochniy/37.jpg', 8, 1, '2023-09-08 15:41:25', '2023-09-08 15:41:25'),
(231, 'ПуГВнг(А)-LS 1x35 красн.', 'pugvnga-ls-1x35-krasn', '420.72 руб.', '1582 м', 'provod_ustanovochniy/38.jpg', 8, 1, '2023-09-08 15:41:25', '2023-09-08 15:41:25'),
(232, 'ПуГВнг(А)-LS 1x35 черн.', 'pugvnga-ls-1x35-cern', '416.43 руб.', '9979 м', 'provod_ustanovochniy/39.jpg', 8, 1, '2023-09-08 15:41:25', '2023-09-08 15:41:25'),
(233, 'ПуГВ 1x35 гол.', 'pugv-1x35-gol', '415.73 руб.', '1909 м', 'provod_ustanovochniy/40.jpg', 8, 1, '2023-09-08 15:41:25', '2023-09-08 15:41:25'),
(234, 'ПуГВ 1x35 ж/з', 'pugv-1x35-zz', '415.73 руб.', '2117 м', 'provod_ustanovochniy/41.jpg', 8, 1, '2023-09-08 15:41:25', '2023-09-08 15:41:25'),
(236, 'ПуГВнг(А)-LSLTX 1x25 бел', 'pugvnga-lsltx-1x25-bel', '340.82 руб.', '3106 м', 'provod_ustanovochniy/43.png', 8, 1, '2023-09-08 15:41:26', '2023-09-08 15:41:26'),
(237, 'ПуВнг(А)-LS 1x25 бел.', 'puvnga-ls-1x25-bel', '333.30 руб.', '643 м', 'provod_ustanovochniy/44.jpg', 8, 1, '2023-09-08 15:41:26', '2023-09-08 15:41:26'),
(238, 'ПуВнг(А)-LS 1x25 ж/з', 'puvnga-ls-1x25-zz', '327.74 руб.', '2651 м', 'provod_ustanovochniy/45.jpg', 8, 1, '2023-09-08 15:41:26', '2023-09-08 15:41:26'),
(239, 'ПуГВнг(А)-LS 1x25 бел.', 'pugvnga-ls-1x25-bel', '313.45 руб.', '10229 м', 'provod_ustanovochniy/46.jpg', 8, 1, '2023-09-08 15:41:26', '2023-09-08 15:41:26'),
(240, 'ПуГВнг(А)-LS 1x25 ж/з', 'pugvnga-ls-1x25-zz', '313.45 руб.', '27663 м', 'provod_ustanovochniy/47.jpg', 8, 1, '2023-09-08 15:41:26', '2023-09-08 15:41:26'),
(241, 'ПуГВ 1x25 гол.', 'pugv-1x25-gol', '309.73 руб.', '2072 м', 'provod_ustanovochniy/48.jpg', 8, 1, '2023-09-08 15:41:26', '2023-09-08 15:41:26'),
(242, 'ПуГВ 1x25 черн.', 'pugv-1x25-cern', '309.73 руб.', '6586 м', 'provod_ustanovochniy/49.jpg', 8, 1, '2023-09-08 15:41:26', '2023-09-08 15:41:26'),
(243, 'ПуГВ 1x25 ж/з', 'pugv-1x25-zz', '309.73 руб.', '19523 м', 'provod_ustanovochniy/50.jpg', 8, 1, '2023-09-08 15:41:26', '2023-09-08 15:41:26'),
(244, 'ПуГВ 1x25 бел.', 'pugv-1x25-bel', '309.73 руб.', '8836 м', 'provod_ustanovochniy/51.jpg', 8, 1, '2023-09-08 15:41:26', '2023-09-08 15:41:26'),
(245, 'ПуГВ 1x25 красн.', 'pugv-1x25-krasn', '309.73 руб.', '2225 м', 'provod_ustanovochniy/52.jpg', 8, 1, '2023-09-08 15:41:26', '2023-09-08 15:41:26'),
(246, 'ПуГВнг(А)-LS 1x25 красн.', 'pugvnga-ls-1x25-krasn', '307.18 руб.', '5222 м', 'provod_ustanovochniy/53.jpg', 8, 1, '2023-09-08 15:41:26', '2023-09-08 15:41:26'),
(247, 'ПуГВнг(А)-LS 1x25 гол.', 'pugvnga-ls-1x25-gol', '307.18 руб.', '2839 м', 'provod_ustanovochniy/54.jpg', 8, 1, '2023-09-08 15:41:26', '2023-09-08 15:41:26'),
(248, 'ПуГВнг(А)-LS 1x25 черн.', 'pugvnga-ls-1x25-cern', '307.18 руб.', '7029 м', 'provod_ustanovochniy/55.jpg', 8, 1, '2023-09-08 15:41:26', '2023-09-08 15:41:26'),
(249, 'ПуВ 1x50 гол.', 'puv-1x50-gol', '288.56 руб.', '55 м', 'provod_ustanovochniy/56.jpg', 8, 1, '2023-09-08 15:41:26', '2023-09-08 15:41:26'),
(250, 'ПуГВнг(А)-LSLTX 1x16 бел', 'pugvnga-lsltx-1x16-bel', '216.12 руб.', '5275 м', 'provod_ustanovochniy/57.png', 8, 1, '2023-09-08 15:41:26', '2023-09-08 15:41:26'),
(251, 'ПуГВнг(А)-LSLTX 1x16 ж/з', 'pugvnga-lsltx-1x16-zz', '216.12 руб.', '6285 м', 'provod_ustanovochniy/58.png', 8, 1, '2023-09-08 15:41:26', '2023-09-08 15:41:26'),
(252, 'ПуГВ 1x16 ж/з', 'pugv-1x16-zz', '215.92 руб.', '4658 м', 'provod_ustanovochniy/59.jpg', 8, 1, '2023-09-08 15:41:26', '2023-09-08 15:41:26'),
(253, 'ПуГВнг(А)-LS 1x16 бел.', 'pugvnga-ls-1x16-bel', '210.85 руб.', '905 м', 'provod_ustanovochniy/60.jpg', 8, 1, '2023-09-08 15:41:26', '2023-09-08 15:41:26'),
(254, 'ПуГВ 1x16 бел.', 'pugv-1x16-bel', '209.25 руб.', '2975 м', 'provod_ustanovochniy/61.jpg', 8, 1, '2023-09-08 15:41:26', '2023-09-08 15:41:26'),
(255, 'ПуВнг(А)-LS 1x16 бел.', 'puvnga-ls-1x16-bel', '208.21 руб.', '866 м', 'provod_ustanovochniy/62.jpg', 8, 1, '2023-09-08 15:41:26', '2023-09-08 15:41:26'),
(256, 'ПуГВнг(А)-LS 1x16 красн.', 'pugvnga-ls-1x16-krasn', '206.72 руб.', '343 м', 'provod_ustanovochniy/63.jpg', 8, 1, '2023-09-08 15:41:26', '2023-09-08 15:41:26'),
(257, 'ПуГВнг(А)-LS 1x16 черн.', 'pugvnga-ls-1x16-cern', '206.72 руб.', '64 м', 'provod_ustanovochniy/64.jpg', 8, 1, '2023-09-08 15:41:26', '2023-09-08 15:41:26'),
(258, 'ПуГВ 1x16 черн.', 'pugv-1x16-cern', '204.07 руб.', '1380 м', 'provod_ustanovochniy/65.jpg', 8, 1, '2023-09-08 15:41:27', '2023-09-08 15:41:27'),
(259, 'ПуГВнг(А)-LS 1x16 гол.', 'pugvnga-ls-1x16-gol', '202.58 руб.', '2968 м', 'provod_ustanovochniy/66.jpg', 8, 1, '2023-09-08 15:41:27', '2023-09-08 15:41:27'),
(260, 'ПуГВнг(А)-LS 1x16 ж/з', 'pugvnga-ls-1x16-zz', '202.58 руб.', '3365 м', 'provod_ustanovochniy/67.jpg', 8, 1, '2023-09-08 15:41:27', '2023-09-08 15:41:27'),
(261, 'ПуГВ 1x16 красн.', 'pugv-1x16-krasn', '199.98 руб.', '1197 м', 'provod_ustanovochniy/68.jpg', 8, 1, '2023-09-08 15:41:27', '2023-09-08 15:41:27'),
(262, 'ПуГВ 1x16 гол.', 'pugv-1x16-gol', '199.98 руб.', '2721 м', 'provod_ustanovochniy/69.jpg', 8, 1, '2023-09-08 15:41:27', '2023-09-08 15:41:27'),
(263, 'ПуГВнг(А)-LSLTX 1x10 ж/з', 'pugvnga-lsltx-1x10-zz', '139.50 руб.', '2545 м', 'provod_ustanovochniy/70.png', 8, 1, '2023-09-08 15:41:27', '2023-09-08 15:41:27'),
(264, 'ПуГВнг(А)-LSLTX 1x10 бел', 'pugvnga-lsltx-1x10-bel', '139.50 руб.', '4400 м', 'provod_ustanovochniy/71.png', 8, 1, '2023-09-08 15:41:27', '2023-09-08 15:41:27'),
(265, 'ПуГВ 1x10 бел.', 'pugv-1x10-bel', '137.47 руб.', '790 м', 'provod_ustanovochniy/72.jpg', 8, 1, '2023-09-08 15:41:27', '2023-09-08 15:41:27'),
(266, 'ПуГВ 1x10 красн.', 'pugv-1x10-krasn', '137.47 руб.', '370 м', 'provod_ustanovochniy/73.jpg', 8, 1, '2023-09-08 15:41:27', '2023-09-08 15:41:27'),
(267, 'ПуГВ 1x10 ж/з', 'pugv-1x10-zz', '135.91 руб.', '6209 м', 'provod_ustanovochniy/74.jpg', 8, 1, '2023-09-08 15:41:27', '2023-09-08 15:41:27'),
(268, 'ПуГВнг(А)-LS 1x10 бел.', 'pugvnga-ls-1x10-bel', '133.47 руб.', '42 м', 'provod_ustanovochniy/75.jpg', 8, 1, '2023-09-08 15:41:27', '2023-09-08 15:41:27'),
(269, 'ПуГВнг(А)-LS 1x10 черн.', 'pugvnga-ls-1x10-cern', '133.47 руб.', '500 м', 'provod_ustanovochniy/76.jpg', 8, 1, '2023-09-08 15:41:27', '2023-09-08 15:41:27'),
(270, 'ПуГВ 1x10 черн.', 'pugv-1x10-cern', '133.47 руб.', '7884 м', 'provod_ustanovochniy/77.jpg', 8, 1, '2023-09-08 15:41:27', '2023-09-08 15:41:27'),
(271, 'ПуГВнг(А)-LS 1x10 гол.', 'pugvnga-ls-1x10-gol', '133.47 руб.', '1414 м', 'provod_ustanovochniy/78.jpg', 8, 1, '2023-09-08 15:41:27', '2023-09-08 15:41:27'),
(272, 'ПуГВ 1x10 гол.', 'pugv-1x10-gol', '133.47 руб.', '4601 м', 'provod_ustanovochniy/79.jpg', 8, 1, '2023-09-08 15:41:27', '2023-09-08 15:41:27'),
(273, 'ПуГВнг(А)-LS 1x10 ж/з', 'pugvnga-ls-1x10-zz', '133.47 руб.', '158 м', 'provod_ustanovochniy/80.jpg', 8, 1, '2023-09-08 15:41:27', '2023-09-08 15:41:27'),
(274, 'ПуВнг(А)-LS 1x10 гол.', 'puvnga-ls-1x10-gol', '126.19 руб.', '12960 м', 'provod_ustanovochniy/81.jpg', 8, 1, '2023-09-08 15:41:27', '2023-09-08 15:41:27'),
(275, 'ПуВнг(А)-LS 1x10 ж/з', 'puvnga-ls-1x10-zz', '126.19 руб.', '8502 м', 'provod_ustanovochniy/82.jpg', 8, 1, '2023-09-08 15:41:27', '2023-09-08 15:41:27'),
(276, 'ПуВнг(А)-LS 1x10 бел.', 'puvnga-ls-1x10-bel', '126.19 руб.', '12905 м', 'provod_ustanovochniy/83.jpg', 8, 1, '2023-09-08 15:41:27', '2023-09-08 15:41:27'),
(277, 'ПуВ 1x10 ж/з', 'puv-1x10-zz', '120.66 руб.', '50 м', 'provod_ustanovochniy/84.jpg', 8, 1, '2023-09-08 15:41:27', '2023-09-08 15:41:27'),
(278, 'ПуВ 1x10 красн.', 'puv-1x10-krasn', '104.92 руб.', '112 м', 'provod_ustanovochniy/85.jpg', 8, 1, '2023-09-08 15:41:27', '2023-09-08 15:41:27'),
(279, 'ПуГВнг(А)-LSLTX 1x6 ж/з', 'pugvnga-lsltx-1x6-zz', '94.55 руб.', '2200 м', 'provod_ustanovochniy/86.png', 8, 1, '2023-09-08 15:41:27', '2023-09-08 15:41:27'),
(280, 'ПуГВнг(А)-LSLTX 1x6 бел', 'pugvnga-lsltx-1x6-bel', '89.20 руб.', '700 м', 'provod_ustanovochniy/87.png', 8, 1, '2023-09-08 15:41:27', '2023-09-08 15:41:27'),
(281, 'ПуГВнг(А)-LS 1x6 гол. (100м)', 'pugvnga-ls-1x6-gol-100m', '86.98 руб.', '900 м', 'provod_ustanovochniy/88.jpg', 8, 1, '2023-09-08 15:41:28', '2023-09-08 15:41:28'),
(282, 'ПуГВнг(А)-LS 1x6 бел. (100м)', 'pugvnga-ls-1x6-bel-100m', '86.98 руб.', '2700 м', 'provod_ustanovochniy/89.jpg', 8, 1, '2023-09-08 15:41:28', '2023-09-08 15:41:28'),
(283, 'ПуГВнг(А)-LS 1x6 бел. (50м)', 'pugvnga-ls-1x6-bel-50m', '86.98 руб.', '2100 м', 'provod_ustanovochniy/90.jpg', 8, 1, '2023-09-08 15:41:28', '2023-09-08 15:41:28'),
(284, 'ПуГВнг(А)-LS 1x6 ж/з (50м)', 'pugvnga-ls-1x6-zz-50m', '86.98 руб.', '3450 м', 'provod_ustanovochniy/91.jpg', 8, 1, '2023-09-08 15:41:28', '2023-09-08 15:41:28'),
(285, 'ПуГВнг(А)-LS 1x6 ж/з (100м)', 'pugvnga-ls-1x6-zz-100m', '86.98 руб.', '1400 м', 'provod_ustanovochniy/92.jpg', 8, 1, '2023-09-08 15:41:28', '2023-09-08 15:41:28'),
(286, 'ПуГВнг(А)-LS 1x6 черн. (100м)', 'pugvnga-ls-1x6-cern-100m', '86.08 руб.', '5600 м', 'provod_ustanovochniy/93.jpg', 8, 1, '2023-09-08 15:41:28', '2023-09-08 15:41:28'),
(287, 'ПуГВнг(А)-LS 1x6 черн. (50м)', 'pugvnga-ls-1x6-cern-50m', '86.08 руб.', '3350 м', 'provod_ustanovochniy/94.jpg', 8, 1, '2023-09-08 15:41:28', '2023-09-08 15:41:28'),
(288, 'ПуГВнг(А)-LS 1x6 гол. (50м)', 'pugvnga-ls-1x6-gol-50m', '86.08 руб.', '3300 м', 'provod_ustanovochniy/95.jpg', 8, 1, '2023-09-08 15:41:28', '2023-09-08 15:41:28'),
(289, 'ПуГВнг(А)-LS 1x6 черн.', 'pugvnga-ls-1x6-cern', '82.36 руб.', '830 м', 'provod_ustanovochniy/96.jpg', 8, 1, '2023-09-08 15:41:28', '2023-09-08 15:41:28'),
(290, 'ПуГВ 1x6 гол.', 'pugv-1x6-gol', '81.58 руб.', '1432 м', 'provod_ustanovochniy/97.jpg', 8, 1, '2023-09-08 15:41:28', '2023-09-08 15:41:28'),
(291, 'ПуГВ 1x6 черн.', 'pugv-1x6-cern', '81.58 руб.', '1197 м', 'provod_ustanovochniy/98.jpg', 8, 1, '2023-09-08 15:41:28', '2023-09-08 15:41:28'),
(292, 'ПуГВнг(А)-LS 1x6 ж/з', 'pugvnga-ls-1x6-zz', '80.79 руб.', '435 м', 'provod_ustanovochniy/99.jpg', 8, 1, '2023-09-08 15:41:28', '2023-09-08 15:41:28'),
(293, 'ПуГВ 1x6 ж/з', 'pugv-1x6-zz', '80.28 руб.', '730 м', 'provod_ustanovochniy/100.jpg', 8, 1, '2023-09-08 15:41:28', '2023-09-08 15:41:28'),
(294, 'ПуГВнг(А)-LS 1x6 бел.', 'pugvnga-ls-1x6-bel', '78.44 руб.', '190 м', 'provod_ustanovochniy/101.jpg', 8, 1, '2023-09-08 15:41:28', '2023-09-08 15:41:28'),
(295, 'ПуГВ 1x6 красн.', 'pugv-1x6-krasn', '78.44 руб.', '113 м', 'provod_ustanovochniy/102.jpg', 8, 1, '2023-09-08 15:41:28', '2023-09-08 15:41:28'),
(296, 'ПуВнг(А)-LS 1x6 бел.', 'puvnga-ls-1x6-bel', '76.20 руб.', '16905 м', 'provod_ustanovochniy/103.jpg', 8, 1, '2023-09-08 15:41:28', '2023-09-08 15:41:28'),
(297, 'ПуВнг(А)-LS 1x6 ж/з', 'puvnga-ls-1x6-zz', '75.42 руб.', '31075 м', 'provod_ustanovochniy/104.jpg', 8, 1, '2023-09-08 15:41:28', '2023-09-08 15:41:28'),
(298, 'ПуВнг(А)-LS 1x6 гол.', 'puvnga-ls-1x6-gol', '75.42 руб.', '11035 м', 'provod_ustanovochniy/105.jpg', 8, 1, '2023-09-08 15:41:28', '2023-09-08 15:41:28'),
(299, 'ПуГВнг(А)-LS 1x240 бел.', 'pugvnga-ls-1x240-bel-1', '2 872.84 руб.', '2685 м', 'provod_ustanovochniy/1.jpg', 8, 1, '2023-09-08 15:41:35', '2023-09-08 15:41:35'),
(300, 'ПуГВнг(А)-LS 1x240 ж/з', 'pugvnga-ls-1x240-zz-1', '2 872.84 руб.', '841 м', 'provod_ustanovochniy/2.jpg', 8, 1, '2023-09-08 15:41:35', '2023-09-08 15:41:35'),
(301, 'ПуГВнг(А)-LS 1x185 ж/з', 'pugvnga-ls-1x185-zz-1', '2 206.13 руб.', '1209 м', 'provod_ustanovochniy/3.jpg', 8, 1, '2023-09-08 15:41:35', '2023-09-08 15:41:35'),
(302, 'ПуГВнг(А)-LS 1x185 бел.', 'pugvnga-ls-1x185-bel-1', '2 206.13 руб.', '2369 м', 'provod_ustanovochniy/4.jpg', 8, 1, '2023-09-08 15:41:35', '2023-09-08 15:41:35'),
(303, 'ПуГВнг(А)-LS 1x150 черн.', 'pugvnga-ls-1x150-cern-1', '1 907.55 руб.', '219 м', 'provod_ustanovochniy/5.jpg', 8, 1, '2023-09-08 15:41:35', '2023-09-08 15:41:35'),
(304, 'ПуГВнг(А)-LS 1x150 ж/з', 'pugvnga-ls-1x150-zz-1', '1 907.55 руб.', '1480 м', 'provod_ustanovochniy/6.jpg', 8, 1, '2023-09-08 15:41:35', '2023-09-08 15:41:35'),
(305, 'ПуГВнг(А)-LS 1x150 бел.', 'pugvnga-ls-1x150-bel-1', '1 907.55 руб.', '1707 м', 'provod_ustanovochniy/7.jpg', 8, 1, '2023-09-08 15:41:35', '2023-09-08 15:41:35'),
(306, 'ПуГВнг(А)-LS 1x150 гол.', 'pugvnga-ls-1x150-gol-1', '1 869.40 руб.', '646 м', 'provod_ustanovochniy/8.jpg', 8, 1, '2023-09-08 15:41:35', '2023-09-08 15:41:35'),
(307, 'ПуГВ 1x185 гол.', 'pugv-1x185-gol-1', '1 726.24 руб.', '15 м', 'provod_ustanovochniy/9.jpg', 8, 1, '2023-09-08 15:41:35', '2023-09-08 15:41:35'),
(308, 'ПуГВнг(А)-LS 1x120 бел.', 'pugvnga-ls-1x120-bel-1', '1 449.12 руб.', '419 м', 'provod_ustanovochniy/10.jpg', 8, 1, '2023-09-08 15:41:35', '2023-09-08 15:41:35'),
(309, 'ПуГВнг(А)-LS 1x120 черн.', 'pugvnga-ls-1x120-cern-1', '1 449.12 руб.', '444 м', 'provod_ustanovochniy/11.jpg', 8, 1, '2023-09-08 15:41:35', '2023-09-08 15:41:35'),
(310, 'ПуГВнг(А)-LS 1x120 ж/з', 'pugvnga-ls-1x120-zz-1', '1 449.12 руб.', '793 м', 'provod_ustanovochniy/12.jpg', 8, 1, '2023-09-08 15:41:35', '2023-09-08 15:41:35'),
(311, 'ПуГВнг(А)-LS 1x120 гол.', 'pugvnga-ls-1x120-gol-1', '1 420.14 руб.', '778 м', 'provod_ustanovochniy/13.jpg', 8, 1, '2023-09-08 15:41:35', '2023-09-08 15:41:35'),
(312, 'ПуГВнг(А)-LS 1x95 бел.', 'pugvnga-ls-1x95-bel-1', '1 163.04 руб.', '2921 м', 'provod_ustanovochniy/14.jpg', 8, 1, '2023-09-08 15:41:36', '2023-09-08 15:41:36'),
(313, 'ПуГВнг(А)-LS 1x95 ж/з', 'pugvnga-ls-1x95-zz-1', '1 163.04 руб.', '1768 м', 'provod_ustanovochniy/15.jpg', 8, 1, '2023-09-08 15:41:36', '2023-09-08 15:41:36'),
(314, 'ПуГВнг(А)-LS 1x95 черн.', 'pugvnga-ls-1x95-cern-1', '1 163.04 руб.', '885 м', 'provod_ustanovochniy/16.jpg', 8, 1, '2023-09-08 15:41:36', '2023-09-08 15:41:36'),
(315, 'ПуГВнг(А)-LS 1x95 бел. (РЭК-PRYSMIAN)', 'pugvnga-ls-1x95-bel-rek-prysmian-1', '1 150.69 руб.', '30 м', 'provod_ustanovochniy/17.jpg', 8, 1, '2023-09-08 15:41:36', '2023-09-08 15:41:36'),
(316, 'ПуГВнг(А)-LS 1x95 гол.', 'pugvnga-ls-1x95-gol-1', '1 128.15 руб.', '1349 м', 'provod_ustanovochniy/18.jpg', 8, 1, '2023-09-08 15:41:36', '2023-09-08 15:41:36'),
(317, 'ПуГВ 1x120 гол.', 'pugv-1x120-gol-1', '1 113.14 руб.', '56 м', 'provod_ustanovochniy/19.jpg', 8, 1, '2023-09-08 15:41:36', '2023-09-08 15:41:36'),
(318, 'ПуГВ 1x120 красн.', 'pugv-1x120-krasn-1', '1 104.77 руб.', '51 м', 'provod_ustanovochniy/20.jpg', 8, 1, '2023-09-08 15:41:36', '2023-09-08 15:41:36'),
(319, 'ПуГВ 1x95 гол.', 'pugv-1x95-gol-1', '883.27 руб.', '33 м', 'provod_ustanovochniy/21.jpg', 8, 1, '2023-09-08 15:41:36', '2023-09-08 15:41:36'),
(320, 'ПуГВнг(А)-LS 1x70 бел.', 'pugvnga-ls-1x70-bel-1', '876.61 руб.', '3961 м', 'provod_ustanovochniy/22.jpg', 8, 1, '2023-09-08 15:41:36', '2023-09-08 15:41:36'),
(321, 'ПуГВнг(А)-LS 1x70 черн.', 'pugvnga-ls-1x70-cern-1', '876.61 руб.', '5373 м', 'provod_ustanovochniy/23.jpg', 8, 1, '2023-09-08 15:41:36', '2023-09-08 15:41:36'),
(322, 'ПуГВнг(А)-LS 1x70 красн.', 'pugvnga-ls-1x70-krasn-1', '876.61 руб.', '891 м', 'provod_ustanovochniy/24.jpg', 8, 1, '2023-09-08 15:41:36', '2023-09-08 15:41:36'),
(323, 'ПуГВнг(А)-LS 1x70 ж/з', 'pugvnga-ls-1x70-zz-1', '841.55 руб.', '1891 м', 'provod_ustanovochniy/25.jpg', 8, 1, '2023-09-08 15:41:36', '2023-09-08 15:41:36'),
(324, 'ПуГВнг(А)-LS 1x70 гол.', 'pugvnga-ls-1x70-gol-1', '841.55 руб.', '1089 м', 'provod_ustanovochniy/26.jpg', 8, 1, '2023-09-08 15:41:36', '2023-09-08 15:41:36'),
(325, 'ПуГВнг(А)-LS 1x70 ж/з (РЭК-PRYSMIAN)', 'pugvnga-ls-1x70-zz-rek-prysmian-1', '822.77 руб.', '182 м', 'provod_ustanovochniy/27.jpg', 8, 1, '2023-09-08 15:41:36', '2023-09-08 15:41:36'),
(326, 'ПуГВнг(А)-LS 1x50 черн.', 'pugvnga-ls-1x50-cern-1', '606.62 руб.', '508 м', 'provod_ustanovochniy/28.jpg', 8, 1, '2023-09-08 15:41:36', '2023-09-08 15:41:36'),
(327, 'ПуГВнг(А)-LS 1x50 гол.', 'pugvnga-ls-1x50-gol-1', '606.62 руб.', '185 м', 'provod_ustanovochniy/29.jpg', 8, 1, '2023-09-08 15:41:36', '2023-09-08 15:41:36'),
(328, 'ПуГВнг(А)-LS 1x50 бел.', 'pugvnga-ls-1x50-bel-1', '606.62 руб.', '7076 м', 'provod_ustanovochniy/30.jpg', 8, 1, '2023-09-08 15:41:36', '2023-09-08 15:41:36'),
(329, 'ПуГВнг(А)-LS 1x50 ж/з', 'pugvnga-ls-1x50-zz-1', '606.62 руб.', '2558 м', 'provod_ustanovochniy/31.jpg', 8, 1, '2023-09-08 15:41:36', '2023-09-08 15:41:36'),
(330, 'ПуГВнг(А)-LS 1x35 ж/з', 'pugvnga-ls-1x35-zz-1', '429.30 руб.', '1939 м', 'provod_ustanovochniy/32.jpg', 8, 1, '2023-09-08 15:41:36', '2023-09-08 15:41:36'),
(331, 'ПуГВнг(А)-LS 1x35 бел.', 'pugvnga-ls-1x35-bel-1', '429.30 руб.', '4709 м', 'provod_ustanovochniy/33.jpg', 8, 1, '2023-09-08 15:41:37', '2023-09-08 15:41:37'),
(332, 'ПуГВнг(А)-LS 1x35 гол.', 'pugvnga-ls-1x35-gol-1', '429.30 руб.', '809 м', 'provod_ustanovochniy/34.jpg', 8, 1, '2023-09-08 15:41:37', '2023-09-08 15:41:37'),
(333, 'ПуГВ 1x35 красн.', 'pugv-1x35-krasn-1', '424.21 руб.', '832 м', 'provod_ustanovochniy/35.jpg', 8, 1, '2023-09-08 15:41:37', '2023-09-08 15:41:37'),
(334, 'ПуГВ 1x35 черн.', 'pugv-1x35-cern-1', '424.21 руб.', '3599 м', 'provod_ustanovochniy/36.jpg', 8, 1, '2023-09-08 15:41:37', '2023-09-08 15:41:37'),
(335, 'ПуГВ 1x35 бел.', 'pugv-1x35-bel-1', '424.21 руб.', '3969 м', 'provod_ustanovochniy/37.jpg', 8, 1, '2023-09-08 15:41:37', '2023-09-08 15:41:37'),
(336, 'ПуГВнг(А)-LS 1x35 красн.', 'pugvnga-ls-1x35-krasn-1', '420.72 руб.', '1582 м', 'provod_ustanovochniy/38.jpg', 8, 1, '2023-09-08 15:41:37', '2023-09-08 15:41:37'),
(337, 'ПуГВнг(А)-LS 1x35 черн.', 'pugvnga-ls-1x35-cern-1', '416.43 руб.', '9979 м', 'provod_ustanovochniy/39.jpg', 8, 1, '2023-09-08 15:41:37', '2023-09-08 15:41:37'),
(338, 'ПуГВ 1x35 гол.', 'pugv-1x35-gol-1', '415.73 руб.', '1909 м', 'provod_ustanovochniy/40.jpg', 8, 1, '2023-09-08 15:41:37', '2023-09-08 15:41:37'),
(339, 'ПуГВ 1x35 ж/з', 'pugv-1x35-zz-1', '415.73 руб.', '2117 м', 'provod_ustanovochniy/41.jpg', 8, 1, '2023-09-08 15:41:37', '2023-09-08 15:41:37'),
(340, 'ПуГВнг(А)-LSLTX 1x25 ж/з', 'pugvnga-lsltx-1x25-zz-1', '396.38 руб.', '5925 м', 'provod_ustanovochniy/42.png', 8, 1, '2023-09-08 15:41:37', '2023-09-08 15:41:37'),
(341, 'ПуГВнг(А)-LSLTX 1x25 бел', 'pugvnga-lsltx-1x25-bel-1', '340.82 руб.', '3106 м', 'provod_ustanovochniy/43.png', 8, 1, '2023-09-08 15:41:37', '2023-09-08 15:41:37'),
(342, 'ПуВнг(А)-LS 1x25 бел.', 'puvnga-ls-1x25-bel-1', '333.30 руб.', '643 м', 'provod_ustanovochniy/44.jpg', 8, 1, '2023-09-08 15:41:37', '2023-09-08 15:41:37'),
(343, 'ПуВнг(А)-LS 1x25 ж/з', 'puvnga-ls-1x25-zz-1', '327.74 руб.', '2651 м', 'provod_ustanovochniy/45.jpg', 8, 1, '2023-09-08 15:41:37', '2023-09-08 15:41:37'),
(344, 'ПуГВнг(А)-LS 1x25 бел.', 'pugvnga-ls-1x25-bel-1', '313.45 руб.', '10229 м', 'provod_ustanovochniy/46.jpg', 8, 1, '2023-09-08 15:41:37', '2023-09-08 15:41:37'),
(345, 'ПуГВнг(А)-LS 1x25 ж/з', 'pugvnga-ls-1x25-zz-1', '313.45 руб.', '27663 м', 'provod_ustanovochniy/47.jpg', 8, 1, '2023-09-08 15:41:37', '2023-09-08 15:41:37'),
(346, 'ПуГВ 1x25 гол.', 'pugv-1x25-gol-1', '309.73 руб.', '2072 м', 'provod_ustanovochniy/48.jpg', 8, 1, '2023-09-08 15:41:37', '2023-09-08 15:41:37'),
(347, 'ПуГВ 1x25 черн.', 'pugv-1x25-cern-1', '309.73 руб.', '6586 м', 'provod_ustanovochniy/49.jpg', 8, 1, '2023-09-08 15:41:37', '2023-09-08 15:41:37'),
(348, 'ПуГВ 1x25 ж/з', 'pugv-1x25-zz-1', '309.73 руб.', '19523 м', 'provod_ustanovochniy/50.jpg', 8, 1, '2023-09-08 15:41:37', '2023-09-08 15:41:37'),
(349, 'ПуГВ 1x25 бел.', 'pugv-1x25-bel-1', '309.73 руб.', '8836 м', 'provod_ustanovochniy/51.jpg', 8, 1, '2023-09-08 15:41:37', '2023-09-08 15:41:37'),
(350, 'ПуГВ 1x25 красн.', 'pugv-1x25-krasn-1', '309.73 руб.', '2225 м', 'provod_ustanovochniy/52.jpg', 8, 1, '2023-09-08 15:41:37', '2023-09-08 15:41:37'),
(351, 'ПуГВнг(А)-LS 1x25 красн.', 'pugvnga-ls-1x25-krasn-1', '307.18 руб.', '5222 м', 'provod_ustanovochniy/53.jpg', 8, 1, '2023-09-08 15:41:37', '2023-09-08 15:41:37'),
(352, 'ПуГВнг(А)-LS 1x25 гол.', 'pugvnga-ls-1x25-gol-1', '307.18 руб.', '2839 м', 'provod_ustanovochniy/54.jpg', 8, 1, '2023-09-08 15:41:37', '2023-09-08 15:41:37'),
(353, 'ПуГВнг(А)-LS 1x25 черн.', 'pugvnga-ls-1x25-cern-1', '307.18 руб.', '7029 м', 'provod_ustanovochniy/55.jpg', 8, 1, '2023-09-08 15:41:38', '2023-09-08 15:41:38'),
(354, 'ПуВ 1x50 гол.', 'puv-1x50-gol-1', '288.56 руб.', '55 м', 'provod_ustanovochniy/56.jpg', 8, 1, '2023-09-08 15:41:38', '2023-09-08 15:41:38'),
(355, 'ПуГВнг(А)-LSLTX 1x16 бел', 'pugvnga-lsltx-1x16-bel-1', '216.12 руб.', '5275 м', 'provod_ustanovochniy/57.png', 8, 1, '2023-09-08 15:41:38', '2023-09-08 15:41:38'),
(356, 'ПуГВнг(А)-LSLTX 1x16 ж/з', 'pugvnga-lsltx-1x16-zz-1', '216.12 руб.', '6285 м', 'provod_ustanovochniy/58.png', 8, 1, '2023-09-08 15:41:38', '2023-09-08 15:41:38'),
(357, 'ПуГВ 1x16 ж/з', 'pugv-1x16-zz-1', '215.92 руб.', '4658 м', 'provod_ustanovochniy/59.jpg', 8, 1, '2023-09-08 15:41:38', '2023-09-08 15:41:38'),
(358, 'ПуГВнг(А)-LS 1x16 бел.', 'pugvnga-ls-1x16-bel-1', '210.85 руб.', '905 м', 'provod_ustanovochniy/60.jpg', 8, 1, '2023-09-08 15:41:38', '2023-09-08 15:41:38'),
(359, 'ПуГВ 1x16 бел.', 'pugv-1x16-bel-1', '209.25 руб.', '2975 м', 'provod_ustanovochniy/61.jpg', 8, 1, '2023-09-08 15:41:38', '2023-09-08 15:41:38'),
(360, 'ПуВнг(А)-LS 1x16 бел.', 'puvnga-ls-1x16-bel-1', '208.21 руб.', '866 м', 'provod_ustanovochniy/62.jpg', 8, 1, '2023-09-08 15:41:38', '2023-09-08 15:41:38'),
(361, 'ПуГВнг(А)-LS 1x16 красн.', 'pugvnga-ls-1x16-krasn-1', '206.72 руб.', '343 м', 'provod_ustanovochniy/63.jpg', 8, 1, '2023-09-08 15:41:38', '2023-09-08 15:41:38'),
(362, 'ПуГВнг(А)-LS 1x16 черн.', 'pugvnga-ls-1x16-cern-1', '206.72 руб.', '64 м', 'provod_ustanovochniy/64.jpg', 8, 1, '2023-09-08 15:41:38', '2023-09-08 15:41:38'),
(363, 'ПуГВ 1x16 черн.', 'pugv-1x16-cern-1', '204.07 руб.', '1380 м', 'provod_ustanovochniy/65.jpg', 8, 1, '2023-09-08 15:41:38', '2023-09-08 15:41:38'),
(364, 'ПуГВнг(А)-LS 1x16 гол.', 'pugvnga-ls-1x16-gol-1', '202.58 руб.', '2968 м', 'provod_ustanovochniy/66.jpg', 8, 1, '2023-09-08 15:41:38', '2023-09-08 15:41:38'),
(365, 'ПуГВнг(А)-LS 1x16 ж/з', 'pugvnga-ls-1x16-zz-1', '202.58 руб.', '3365 м', 'provod_ustanovochniy/67.jpg', 8, 1, '2023-09-08 15:41:38', '2023-09-08 15:41:38'),
(366, 'ПуГВ 1x16 красн.', 'pugv-1x16-krasn-1', '199.98 руб.', '1197 м', 'provod_ustanovochniy/68.jpg', 8, 1, '2023-09-08 15:41:38', '2023-09-08 15:41:38'),
(367, 'ПуГВ 1x16 гол.', 'pugv-1x16-gol-1', '199.98 руб.', '2721 м', 'provod_ustanovochniy/69.jpg', 8, 1, '2023-09-08 15:41:38', '2023-09-08 15:41:38'),
(368, 'ПуГВнг(А)-LSLTX 1x10 ж/з', 'pugvnga-lsltx-1x10-zz-1', '139.50 руб.', '2545 м', 'provod_ustanovochniy/70.png', 8, 1, '2023-09-08 15:41:38', '2023-09-08 15:41:38'),
(369, 'ПуГВнг(А)-LSLTX 1x10 бел', 'pugvnga-lsltx-1x10-bel-1', '139.50 руб.', '4400 м', 'provod_ustanovochniy/71.png', 8, 1, '2023-09-08 15:41:38', '2023-09-08 15:41:38'),
(370, 'ПуГВ 1x10 бел.', 'pugv-1x10-bel-1', '137.47 руб.', '790 м', 'provod_ustanovochniy/72.jpg', 8, 1, '2023-09-08 15:41:38', '2023-09-08 15:41:38'),
(371, 'ПуГВ 1x10 красн.', 'pugv-1x10-krasn-1', '137.47 руб.', '370 м', 'provod_ustanovochniy/73.jpg', 8, 1, '2023-09-08 15:41:38', '2023-09-08 15:41:38'),
(372, 'ПуГВ 1x10 ж/з', 'pugv-1x10-zz-1', '135.91 руб.', '6209 м', 'provod_ustanovochniy/74.jpg', 8, 1, '2023-09-08 15:41:38', '2023-09-08 15:41:38'),
(373, 'ПуГВнг(А)-LS 1x10 бел.', 'pugvnga-ls-1x10-bel-1', '133.47 руб.', '42 м', 'provod_ustanovochniy/75.jpg', 8, 1, '2023-09-08 15:41:38', '2023-09-08 15:41:38'),
(374, 'ПуГВнг(А)-LS 1x10 черн.', 'pugvnga-ls-1x10-cern-1', '133.47 руб.', '500 м', 'provod_ustanovochniy/76.jpg', 8, 1, '2023-09-08 15:41:38', '2023-09-08 15:41:38'),
(375, 'ПуГВ 1x10 черн.', 'pugv-1x10-cern-1', '133.47 руб.', '7884 м', 'provod_ustanovochniy/77.jpg', 8, 1, '2023-09-08 15:41:38', '2023-09-08 15:41:38'),
(376, 'ПуГВнг(А)-LS 1x10 гол.', 'pugvnga-ls-1x10-gol-1', '133.47 руб.', '1414 м', 'provod_ustanovochniy/78.jpg', 8, 1, '2023-09-08 15:41:38', '2023-09-08 15:41:38'),
(377, 'ПуГВ 1x10 гол.', 'pugv-1x10-gol-1', '133.47 руб.', '4601 м', 'provod_ustanovochniy/79.jpg', 8, 1, '2023-09-08 15:41:38', '2023-09-08 15:41:38'),
(378, 'ПуГВнг(А)-LS 1x10 ж/з', 'pugvnga-ls-1x10-zz-1', '133.47 руб.', '158 м', 'provod_ustanovochniy/80.jpg', 8, 1, '2023-09-08 15:41:38', '2023-09-08 15:41:38'),
(379, 'ПуВнг(А)-LS 1x10 гол.', 'puvnga-ls-1x10-gol-1', '126.19 руб.', '12960 м', 'provod_ustanovochniy/81.jpg', 8, 1, '2023-09-08 15:41:38', '2023-09-08 15:41:38'),
(380, 'ПуВнг(А)-LS 1x10 ж/з', 'puvnga-ls-1x10-zz-1', '126.19 руб.', '8502 м', 'provod_ustanovochniy/82.jpg', 8, 1, '2023-09-08 15:41:39', '2023-09-08 15:41:39'),
(381, 'ПуВнг(А)-LS 1x10 бел.', 'puvnga-ls-1x10-bel-1', '126.19 руб.', '12905 м', 'provod_ustanovochniy/83.jpg', 8, 1, '2023-09-08 15:41:39', '2023-09-08 15:41:39'),
(382, 'ПуВ 1x10 ж/з', 'puv-1x10-zz-1', '120.66 руб.', '50 м', 'provod_ustanovochniy/84.jpg', 8, 1, '2023-09-08 15:41:39', '2023-09-08 15:41:39'),
(383, 'ПуВ 1x10 красн.', 'puv-1x10-krasn-1', '104.92 руб.', '112 м', 'provod_ustanovochniy/85.jpg', 8, 1, '2023-09-08 15:41:39', '2023-09-08 15:41:39'),
(384, 'ПуГВнг(А)-LSLTX 1x6 ж/з', 'pugvnga-lsltx-1x6-zz-1', '94.55 руб.', '2200 м', 'provod_ustanovochniy/86.png', 8, 1, '2023-09-08 15:41:39', '2023-09-08 15:41:39'),
(385, 'ПуГВнг(А)-LSLTX 1x6 бел', 'pugvnga-lsltx-1x6-bel-1', '89.20 руб.', '700 м', 'provod_ustanovochniy/87.png', 8, 1, '2023-09-08 15:41:39', '2023-09-08 15:41:39'),
(386, 'ПуГВнг(А)-LS 1x6 гол. (100м)', 'pugvnga-ls-1x6-gol-100m-1', '86.98 руб.', '900 м', 'provod_ustanovochniy/88.jpg', 8, 1, '2023-09-08 15:41:39', '2023-09-08 15:41:39'),
(387, 'ПуГВнг(А)-LS 1x6 бел. (100м)', 'pugvnga-ls-1x6-bel-100m-1', '86.98 руб.', '2700 м', 'provod_ustanovochniy/89.jpg', 8, 1, '2023-09-08 15:41:39', '2023-09-08 15:41:39'),
(388, 'ПуГВнг(А)-LS 1x6 бел. (50м)', 'pugvnga-ls-1x6-bel-50m-1', '86.98 руб.', '2100 м', 'provod_ustanovochniy/90.jpg', 8, 1, '2023-09-08 15:41:39', '2023-09-08 15:41:39'),
(389, 'ПуГВнг(А)-LS 1x6 ж/з (50м)', 'pugvnga-ls-1x6-zz-50m-1', '86.98 руб.', '3450 м', 'provod_ustanovochniy/91.jpg', 8, 1, '2023-09-08 15:41:39', '2023-09-08 15:41:39'),
(390, 'ПуГВнг(А)-LS 1x6 ж/з (100м)', 'pugvnga-ls-1x6-zz-100m-1', '86.98 руб.', '1400 м', 'provod_ustanovochniy/92.jpg', 8, 1, '2023-09-08 15:41:39', '2023-09-08 15:41:39'),
(391, 'ПуГВнг(А)-LS 1x6 черн. (100м)', 'pugvnga-ls-1x6-cern-100m-1', '86.08 руб.', '5600 м', 'provod_ustanovochniy/93.jpg', 8, 1, '2023-09-08 15:41:39', '2023-09-08 15:41:39'),
(392, 'ПуГВнг(А)-LS 1x6 черн. (50м)', 'pugvnga-ls-1x6-cern-50m-1', '86.08 руб.', '3350 м', 'provod_ustanovochniy/94.jpg', 8, 1, '2023-09-08 15:41:39', '2023-09-08 15:41:39'),
(393, 'ПуГВнг(А)-LS 1x6 гол. (50м)', 'pugvnga-ls-1x6-gol-50m-1', '86.08 руб.', '3300 м', 'provod_ustanovochniy/95.jpg', 8, 1, '2023-09-08 15:41:39', '2023-09-08 15:41:39'),
(394, 'ПуГВнг(А)-LS 1x6 черн.', 'pugvnga-ls-1x6-cern-1', '82.36 руб.', '830 м', 'provod_ustanovochniy/96.jpg', 8, 1, '2023-09-08 15:41:39', '2023-09-08 15:41:39'),
(395, 'ПуГВ 1x6 гол.', 'pugv-1x6-gol-1', '81.58 руб.', '1432 м', 'provod_ustanovochniy/97.jpg', 8, 1, '2023-09-08 15:41:39', '2023-09-08 15:41:39'),
(396, 'ПуГВ 1x6 черн.', 'pugv-1x6-cern-1', '81.58 руб.', '1197 м', 'provod_ustanovochniy/98.jpg', 8, 1, '2023-09-08 15:41:39', '2023-09-08 15:41:39'),
(397, 'ПуГВнг(А)-LS 1x6 ж/з', 'pugvnga-ls-1x6-zz-1', '80.79 руб.', '435 м', 'provod_ustanovochniy/99.jpg', 8, 1, '2023-09-08 15:41:39', '2023-09-08 15:41:39');
INSERT INTO `products` (`id`, `title`, `slug`, `price`, `quantity`, `image`, `category_id`, `is_published`, `created_at`, `updated_at`) VALUES
(398, 'ПуГВ 1x6 ж/з', 'pugv-1x6-zz-1', '80.28 руб.', '730 м', 'provod_ustanovochniy/100.jpg', 8, 1, '2023-09-08 15:41:39', '2023-09-08 15:41:39'),
(399, 'ПуГВнг(А)-LS 1x6 бел.', 'pugvnga-ls-1x6-bel-1', '78.44 руб.', '190 м', 'provod_ustanovochniy/101.jpg', 8, 1, '2023-09-08 15:41:39', '2023-09-08 15:41:39'),
(400, 'ПуГВ 1x6 красн.', 'pugv-1x6-krasn-1', '78.44 руб.', '113 м', 'provod_ustanovochniy/102.jpg', 8, 1, '2023-09-08 15:41:40', '2023-09-08 15:41:40'),
(401, 'ПуВнг(А)-LS 1x6 бел.', 'puvnga-ls-1x6-bel-1', '76.20 руб.', '16905 м', 'provod_ustanovochniy/103.jpg', 8, 1, '2023-09-08 15:41:40', '2023-09-08 15:41:40'),
(402, 'ПуВнг(А)-LS 1x6 ж/з', 'puvnga-ls-1x6-zz-1', '75.42 руб.', '31075 м', 'provod_ustanovochniy/104.jpg', 8, 1, '2023-09-08 15:41:40', '2023-09-08 15:41:40'),
(403, 'ПуВнг(А)-LS 1x6 гол.', 'puvnga-ls-1x6-gol-1', '75.42 руб.', '11035 м', 'provod_ustanovochniy/105.jpg', 8, 1, '2023-09-08 15:41:40', '2023-09-08 15:41:40'),
(404, 'АВВГнг(А)-LS 5x240 мс-1', 'avvgnga-ls-5x240-ms-1', '221694', '258', 'category_6/product_404/4.jpg', 6, 1, '2023-09-10 11:30:21', '2023-09-10 14:59:44'),
(405, 'АВБШвнг(А)-LS 4x240 мс-1', 'avbsvnga-ls-4x240-ms-1', '202731', '30', 'avvg_ng_ng_ls_avbshv_kabel_silovoy_plastmassovoy_izolyatsiey_alyuminieviy/2.jpg', 6, 1, '2023-09-10 11:30:21', '2023-09-10 11:30:21'),
(406, 'АВБШв 4x240 мс-1', 'avbsv-4x240-ms-1', '187186', '792', 'avvg_ng_ng_ls_avbshv_kabel_silovoy_plastmassovoy_izolyatsiey_alyuminieviy/3.jpg', 6, 1, '2023-09-10 11:30:21', '2023-09-10 11:30:21'),
(407, 'АВВГнг(А)-LS 4x240 мс-1', 'avvgnga-ls-4x240-ms-1', '177955', '297', 'avvg_ng_ng_ls_avbshv_kabel_silovoy_plastmassovoy_izolyatsiey_alyuminieviy/4.jpg', 6, 1, '2023-09-10 11:30:21', '2023-09-10 11:30:21'),
(408, 'АВВГнг(А)-LS 5x185 мс-1', 'avvgnga-ls-5x185-ms-1', '173568', '84', 'avvg_ng_ng_ls_avbshv_kabel_silovoy_plastmassovoy_izolyatsiey_alyuminieviy/5.jpg', 6, 1, '2023-09-10 11:30:21', '2023-09-10 11:30:21'),
(409, 'АВБШв 4x185 мс-1', 'avbsv-4x185-ms-1', '146939', '430', 'avvg_ng_ng_ls_avbshv_kabel_silovoy_plastmassovoy_izolyatsiey_alyuminieviy/6.jpg', 6, 1, '2023-09-10 11:30:22', '2023-09-10 11:30:22'),
(410, 'АВВГнг(А)-LS 5x150 мс-1', 'avvgnga-ls-5x150-ms-1', '141822', '1486', 'avvg_ng_ng_ls_avbshv_kabel_silovoy_plastmassovoy_izolyatsiey_alyuminieviy/7.jpg', 6, 1, '2023-09-10 11:30:22', '2023-09-10 11:30:22'),
(411, 'АВВГнг(А)-LS 4x185 мс-1', 'avvgnga-ls-4x185-ms-1', '136232', '901', 'avvg_ng_ng_ls_avbshv_kabel_silovoy_plastmassovoy_izolyatsiey_alyuminieviy/8.jpg', 6, 1, '2023-09-10 11:30:22', '2023-09-10 11:30:22'),
(412, 'АВБШв 4x150 мс-1', 'avbsv-4x150-ms-1', '122572', '3243', 'avvg_ng_ng_ls_avbshv_kabel_silovoy_plastmassovoy_izolyatsiey_alyuminieviy/9.jpg', 6, 1, '2023-09-10 11:30:22', '2023-09-10 11:30:22'),
(413, 'АВВГнг(А)-LS 5x120 мс-1', 'avvgnga-ls-5x120-ms-1', '115422', '815', 'avvg_ng_ng_ls_avbshv_kabel_silovoy_plastmassovoy_izolyatsiey_alyuminieviy/10.jpg', 6, 1, '2023-09-10 11:30:22', '2023-09-10 11:30:22'),
(414, 'АВВГнг(А)-LS 4x150 мс-1', 'avvgnga-ls-4x150-ms-1', '112991', '401', 'avvg_ng_ng_ls_avbshv_kabel_silovoy_plastmassovoy_izolyatsiey_alyuminieviy/11.jpg', 6, 1, '2023-09-10 11:30:22', '2023-09-10 11:30:22'),
(415, 'АВБШв 5x95 мс-1', 'avbsv-5x95-ms-1', '109184', '216', 'avvg_ng_ng_ls_avbshv_kabel_silovoy_plastmassovoy_izolyatsiey_alyuminieviy/12.jpg', 6, 1, '2023-09-10 11:30:22', '2023-09-10 11:30:22'),
(416, 'АВБШв 4x120 мс-1', 'avbsv-4x120-ms-1', '97911', '65', 'avvg_ng_ng_ls_avbshv_kabel_silovoy_plastmassovoy_izolyatsiey_alyuminieviy/13.jpg', 6, 1, '2023-09-10 11:30:22', '2023-09-10 11:30:22'),
(417, 'АВВГнг(А)-LS 5x95 мс-1', 'avvgnga-ls-5x95-ms-1', '95799', '142', 'avvg_ng_ng_ls_avbshv_kabel_silovoy_plastmassovoy_izolyatsiey_alyuminieviy/14.jpg', 6, 1, '2023-09-10 11:30:22', '2023-09-10 11:30:22'),
(418, 'АВВГнг(А)-LS 4x120 мс-1', 'avvgnga-ls-4x120-ms-1', '92318', '267', 'avvg_ng_ng_ls_avbshv_kabel_silovoy_plastmassovoy_izolyatsiey_alyuminieviy/15.jpg', 6, 1, '2023-09-10 11:30:22', '2023-09-10 11:30:22'),
(419, 'АВБШв 4x95 мс-1', 'avbsv-4x95-ms-1', '83929', '1064', 'avvg_ng_ng_ls_avbshv_kabel_silovoy_plastmassovoy_izolyatsiey_alyuminieviy/16.jpg', 6, 1, '2023-09-10 11:30:22', '2023-09-10 11:30:22'),
(420, 'АВБШв 5x70 мс-1', 'avbsv-5x70-ms-1', '81213', '22', 'avvg_ng_ng_ls_avbshv_kabel_silovoy_plastmassovoy_izolyatsiey_alyuminieviy/17.jpg', 6, 1, '2023-09-10 11:30:22', '2023-09-10 11:30:22'),
(421, 'АВВГнг(А)-LS 4x95 мс-1', 'avvgnga-ls-4x95-ms-1', '74776', '1842', 'category_6/product_421/16.jpg', 6, 1, '2023-09-10 11:30:22', '2023-09-10 14:42:22'),
(422, 'АВВГнг(А)-LS 5x70 мс-1', 'avvgnga-ls-5x70-ms-1', '72673', '1107', 'avvg_ng_ng_ls_avbshv_kabel_silovoy_plastmassovoy_izolyatsiey_alyuminieviy/19.jpg', 6, 1, '2023-09-10 11:30:22', '2023-09-10 11:30:22'),
(423, 'АВБШвнг(А)-LS 4x70 мс-1', 'avbsvnga-ls-4x70-ms-1', '66399', '138', 'avvg_ng_ng_ls_avbshv_kabel_silovoy_plastmassovoy_izolyatsiey_alyuminieviy/20.jpg', 6, 1, '2023-09-10 11:30:22', '2023-09-10 11:30:22'),
(424, 'АВБШв 4x70 мс-1', 'avbsv-4x70-ms-1', '63496', '883', 'avvg_ng_ng_ls_avbshv_kabel_silovoy_plastmassovoy_izolyatsiey_alyuminieviy/21.jpg', 6, 1, '2023-09-10 11:30:22', '2023-09-10 11:30:22'),
(425, 'АВБШв 5x50 ок-0,66', 'avbsv-5x50-ok-066', '62089', '282', 'avvg_ng_ng_ls_avbshv_kabel_silovoy_plastmassovoy_izolyatsiey_alyuminieviy/22.jpg', 6, 1, '2023-09-10 11:30:22', '2023-09-10 11:30:22'),
(426, 'АВВГнг(А)-LS 4x70 мс-1', 'avvgnga-ls-4x70-ms-1', '57639', '406', 'avvg_ng_ng_ls_avbshv_kabel_silovoy_plastmassovoy_izolyatsiey_alyuminieviy/23.jpg', 6, 1, '2023-09-10 11:30:22', '2023-09-10 11:30:22'),
(427, 'АВВГнг(А)-LS 5x50 ок-0,66', 'avvgnga-ls-5x50-ok-066', '55886', '1586', 'avvg_ng_ng_ls_avbshv_kabel_silovoy_plastmassovoy_izolyatsiey_alyuminieviy/24.jpg', 6, 1, '2023-09-10 11:30:22', '2023-09-10 11:30:22'),
(428, 'АВБШв 4x50 ок-0,66', 'avbsv-4x50-ok-066', '51107', '819', 'avvg_ng_ng_ls_avbshv_kabel_silovoy_plastmassovoy_izolyatsiey_alyuminieviy/25.jpg', 6, 1, '2023-09-10 11:30:22', '2023-09-10 11:30:22'),
(429, 'АВБШв 5x35 ок-0,66', 'avbsv-5x35-ok-066', '46340', '107', 'avvg_ng_ng_ls_avbshv_kabel_silovoy_plastmassovoy_izolyatsiey_alyuminieviy/26.jpg', 6, 1, '2023-09-10 11:30:22', '2023-09-10 11:30:22'),
(430, 'АВВГнг(А)-LS 1x240 мк-1 бел.', 'avvgnga-ls-1x240-mk-1-bel', '44322', '406', 'avvg_ng_ng_ls_avbshv_kabel_silovoy_plastmassovoy_izolyatsiey_alyuminieviy/27.jpg', 6, 1, '2023-09-10 11:30:22', '2023-09-10 11:30:22'),
(431, 'АВВГнг(А)-LS 4x50 ок-0,66', 'avvgnga-ls-4x50-ok-066', '44312', '385', 'avvg_ng_ng_ls_avbshv_kabel_silovoy_plastmassovoy_izolyatsiey_alyuminieviy/28.jpg', 6, 1, '2023-09-10 11:30:22', '2023-09-10 11:30:22'),
(432, 'АВВГнг(А)-LS 5x35 ок-0,66', 'avvgnga-ls-5x35-ok-066', '40915', '2096', 'avvg_ng_ng_ls_avbshv_kabel_silovoy_plastmassovoy_izolyatsiey_alyuminieviy/29.jpg', 6, 1, '2023-09-10 11:30:22', '2023-09-10 11:30:22'),
(433, 'АВБШв 5x25 ок-0,66', 'avbsv-5x25-ok-066', '38686', '2202', 'avvg_ng_ng_ls_avbshv_kabel_silovoy_plastmassovoy_izolyatsiey_alyuminieviy/30.jpg', 6, 1, '2023-09-10 11:30:22', '2023-09-10 11:30:22'),
(434, 'АВВГнг(А)-LS 4x35 ок-0,66', 'avvgnga-ls-4x35-ok-066', '34298', '1466', 'avvg_ng_ng_ls_avbshv_kabel_silovoy_plastmassovoy_izolyatsiey_alyuminieviy/31.jpg', 6, 1, '2023-09-10 11:30:22', '2023-09-10 11:30:22'),
(435, 'АВВГнг(А)-LS 5x25 ок-0,66', 'avvgnga-ls-5x25-ok-066', '32117', '1280', 'avvg_ng_ng_ls_avbshv_kabel_silovoy_plastmassovoy_izolyatsiey_alyuminieviy/32.jpg', 6, 1, '2023-09-10 11:30:23', '2023-09-10 11:30:23'),
(436, 'АВБШв 4x25 ок-0,66', 'avbsv-4x25-ok-066', '31218', '6537', 'avvg_ng_ng_ls_avbshv_kabel_silovoy_plastmassovoy_izolyatsiey_alyuminieviy/33.jpg', 6, 1, '2023-09-10 11:30:23', '2023-09-10 11:30:23'),
(437, 'АВБШв 4x35 мк-1', 'avbsv-4x35-mk-1', '30776', '9', 'category_6/product_437/83.jpg', 6, 1, '2023-09-10 11:30:23', '2023-09-10 14:42:45'),
(438, 'АВВГнг(А)-LS 1x150 мк-1 бел.', 'avvgnga-ls-1x150-mk-1-bel', '27465', '95', 'avvg_ng_ng_ls_avbshv_kabel_silovoy_plastmassovoy_izolyatsiey_alyuminieviy/35.jpg', 6, 1, '2023-09-10 11:30:23', '2023-09-10 11:30:23'),
(439, 'АВБШв 5x16 ок-0,66', 'avbsv-5x16-ok-066', '27199', '1846', 'avvg_ng_ng_ls_avbshv_kabel_silovoy_plastmassovoy_izolyatsiey_alyuminieviy/36.jpg', 6, 1, '2023-09-10 11:30:23', '2023-09-10 11:30:23'),
(440, 'АВВГнг(А)-LS 4x25 ок-0,66', 'avvgnga-ls-4x25-ok-066', '26519', '968', 'avvg_ng_ng_ls_avbshv_kabel_silovoy_plastmassovoy_izolyatsiey_alyuminieviy/37.jpg', 6, 1, '2023-09-10 11:30:23', '2023-09-10 11:30:23'),
(441, 'АВБШв 4x16 ок-0,66', 'avbsv-4x16-ok-066', '22663', '7886', 'avvg_ng_ng_ls_avbshv_kabel_silovoy_plastmassovoy_izolyatsiey_alyuminieviy/38.jpg', 6, 1, '2023-09-10 11:30:23', '2023-09-10 11:30:23'),
(442, 'АВВГнг(А)-LS 1x120 мк-1 бел.', 'avvgnga-ls-1x120-mk-1-bel', '22242', '2085', 'avvg_ng_ng_ls_avbshv_kabel_silovoy_plastmassovoy_izolyatsiey_alyuminieviy/39.jpg', 6, 1, '2023-09-10 11:30:23', '2023-09-10 11:30:23'),
(443, 'АВБШв 5x10 ок-0,66', 'avbsv-5x10-ok-066', '20521', '3009', 'avvg_ng_ng_ls_avbshv_kabel_silovoy_plastmassovoy_izolyatsiey_alyuminieviy/40.jpg', 6, 1, '2023-09-10 11:30:23', '2023-09-10 11:30:23'),
(444, 'АВБШв 3x16 ок-0,66', 'avbsv-3x16-ok-066', '19650', '1994', 'avvg_ng_ng_ls_avbshv_kabel_silovoy_plastmassovoy_izolyatsiey_alyuminieviy/41.jpg', 6, 1, '2023-09-10 11:30:23', '2023-09-10 11:30:23'),
(445, 'АВВГнг(А)-LS 1x95 мк-1 бел.', 'avvgnga-ls-1x95-mk-1-bel', '18192', '114', 'avvg_ng_ng_ls_avbshv_kabel_silovoy_plastmassovoy_izolyatsiey_alyuminieviy/42.jpg', 6, 1, '2023-09-10 11:30:23', '2023-09-10 11:30:23'),
(446, 'АВВГнг(А)-LS 4x16 ок-0,66', 'avvgnga-ls-4x16-ok-066', '18155', '450', 'avvg_ng_ng_ls_avbshv_kabel_silovoy_plastmassovoy_izolyatsiey_alyuminieviy/43.jpg', 6, 1, '2023-09-10 11:30:23', '2023-09-10 11:30:23'),
(447, 'АВБШв 4x10 ок-0,66', 'avbsv-4x10-ok-066', '17683', '3370', 'avvg_ng_ng_ls_avbshv_kabel_silovoy_plastmassovoy_izolyatsiey_alyuminieviy/44.jpg', 6, 1, '2023-09-10 11:30:23', '2023-09-10 11:30:23'),
(448, 'АВВГнг(А)-LS 5x10 ок-0,66', 'avvgnga-ls-5x10-ok-066', '15567', '1512', 'avvg_ng_ng_ls_avbshv_kabel_silovoy_plastmassovoy_izolyatsiey_alyuminieviy/45.jpg', 6, 1, '2023-09-10 11:30:23', '2023-09-10 11:30:23'),
(449, 'АВВГнг(А)-LS 3x16 ок-0,66', 'avvgnga-ls-3x16-ok-066', '14711', '655', 'avvg_ng_ng_ls_avbshv_kabel_silovoy_plastmassovoy_izolyatsiey_alyuminieviy/46.jpg', 6, 1, '2023-09-10 11:30:23', '2023-09-10 11:30:23'),
(450, 'АВБШв 3x10 ок-0,66', 'avbsv-3x10-ok-066', '14701', '393', 'avvg_ng_ng_ls_avbshv_kabel_silovoy_plastmassovoy_izolyatsiey_alyuminieviy/47.jpg', 6, 1, '2023-09-10 11:30:23', '2023-09-10 11:30:23'),
(452, 'АВВГнг(А)-LS 1x70 мк-1 бел.', 'avvgnga-ls-1x70-mk-1-bel', '13305', '885', 'avvg_ng_ng_ls_avbshv_kabel_silovoy_plastmassovoy_izolyatsiey_alyuminieviy/49.jpg', 6, 1, '2023-09-10 11:30:23', '2023-09-10 11:30:23'),
(453, 'АВВГнг(А)-LS 4x10 ок-0,66', 'avvgnga-ls-4x10-ok-066', '12431', '1788', 'avvg_ng_ng_ls_avbshv_kabel_silovoy_plastmassovoy_izolyatsiey_alyuminieviy/50.jpg', 6, 1, '2023-09-10 11:30:23', '2023-09-10 11:30:23'),
(454, 'АВБШв 4x6 ок-0,66', 'avbsv-4x6-ok-066', '12299', '5192', 'avvg_ng_ng_ls_avbshv_kabel_silovoy_plastmassovoy_izolyatsiey_alyuminieviy/51.jpg', 6, 1, '2023-09-10 11:30:23', '2023-09-10 11:30:23'),
(455, 'АВБШв 5x4 ок-0,66', 'avbsv-5x4-ok-066', '11911', '4820', 'avvg_ng_ng_ls_avbshv_kabel_silovoy_plastmassovoy_izolyatsiey_alyuminieviy/52.jpg', 6, 1, '2023-09-10 11:30:23', '2023-09-10 11:30:23'),
(456, 'АВБШв 3x6 ок-0,66', 'avbsv-3x6-ok-066', '10693', '2789', 'avvg_ng_ng_ls_avbshv_kabel_silovoy_plastmassovoy_izolyatsiey_alyuminieviy/53.jpg', 6, 1, '2023-09-10 11:30:24', '2023-09-10 11:30:24'),
(457, 'АВБШв 4x4 ок-0,66', 'avbsv-4x4-ok-066', '10463', '1470', 'avvg_ng_ng_ls_avbshv_kabel_silovoy_plastmassovoy_izolyatsiey_alyuminieviy/54.jpg', 6, 1, '2023-09-10 11:30:24', '2023-09-10 11:30:24'),
(458, 'АВВГнг(А)-LS 3x10 ок-0,66', 'avvgnga-ls-3x10-ok-066', '10220', '278', 'avvg_ng_ng_ls_avbshv_kabel_silovoy_plastmassovoy_izolyatsiey_alyuminieviy/55.jpg', 6, 1, '2023-09-10 11:30:24', '2023-09-10 11:30:24'),
(459, 'АВВГнг(А)-LS 5x6 ок-0,66', 'avvgnga-ls-5x6-ok-066', '10215', '3605', 'avvg_ng_ng_ls_avbshv_kabel_silovoy_plastmassovoy_izolyatsiey_alyuminieviy/56.jpg', 6, 1, '2023-09-10 11:30:24', '2023-09-10 11:30:24'),
(460, 'АВВГнг(А)-LS 1x50 ок-0,66 бел.', 'avvgnga-ls-1x50-ok-066-bel', '9718', '2269', 'avvg_ng_ng_ls_avbshv_kabel_silovoy_plastmassovoy_izolyatsiey_alyuminieviy/57.jpg', 6, 1, '2023-09-10 11:30:24', '2023-09-10 11:30:24'),
(461, 'АВБШв 3x4 ок-0,66', 'avbsv-3x4-ok-066', '9028', '6610', 'avvg_ng_ng_ls_avbshv_kabel_silovoy_plastmassovoy_izolyatsiey_alyuminieviy/58.jpg', 6, 1, '2023-09-10 11:30:24', '2023-09-10 11:30:24'),
(462, 'АВВГнг(А)-LS 1x35 ок-0,66 бел.', 'avvgnga-ls-1x35-ok-066-bel', '8415', '4267', 'avvg_ng_ng_ls_avbshv_kabel_silovoy_plastmassovoy_izolyatsiey_alyuminieviy/59.jpg', 6, 1, '2023-09-10 11:30:24', '2023-09-10 11:30:24'),
(463, 'АВВГнг(А)-LS 4x6 ок-0,66', 'avvgnga-ls-4x6-ok-066', '7996', '1594', 'avvg_ng_ng_ls_avbshv_kabel_silovoy_plastmassovoy_izolyatsiey_alyuminieviy/60.jpg', 6, 1, '2023-09-10 11:30:24', '2023-09-10 11:30:24'),
(464, 'АВВГнг(А)-LS 5x4 ок-0,66', 'avvgnga-ls-5x4-ok-066', '7748', '104', 'avvg_ng_ng_ls_avbshv_kabel_silovoy_plastmassovoy_izolyatsiey_alyuminieviy/61.jpg', 6, 1, '2023-09-10 11:30:24', '2023-09-10 11:30:24'),
(465, 'АВВГнг(А)-LS 4x4 ок-0,66', 'avvgnga-ls-4x4-ok-066', '6307', '2210', 'avvg_ng_ng_ls_avbshv_kabel_silovoy_plastmassovoy_izolyatsiey_alyuminieviy/62.jpg', 6, 1, '2023-09-10 11:30:24', '2023-09-10 11:30:24'),
(466, 'АВВГнг(А)-LS 1x25 ок-0,66 бел.', 'avvgnga-ls-1x25-ok-066-bel', '6178', '1280', 'avvg_ng_ng_ls_avbshv_kabel_silovoy_plastmassovoy_izolyatsiey_alyuminieviy/63.jpg', 6, 1, '2023-09-10 11:30:24', '2023-09-10 11:30:24'),
(467, 'АВВГ-П 2x10 ок-0,66', 'avvg-p-2x10-ok-066', '5329', '160', 'avvg_ng_ng_ls_avbshv_kabel_silovoy_plastmassovoy_izolyatsiey_alyuminieviy/64.jpg', 6, 1, '2023-09-10 11:30:24', '2023-09-10 11:30:24'),
(468, 'АВВГнг(А)-LS 3x4 ок-0,66', 'avvgnga-ls-3x4-ok-066', '5215', '1309', 'avvg_ng_ng_ls_avbshv_kabel_silovoy_plastmassovoy_izolyatsiey_alyuminieviy/65.jpg', 6, 1, '2023-09-10 11:30:24', '2023-09-10 11:30:24'),
(469, 'АВВГнг(А)-LS 4x2,5 ок-0,66', 'avvgnga-ls-4x25-ok-066-1', '4674', '249', 'avvg_ng_ng_ls_avbshv_kabel_silovoy_plastmassovoy_izolyatsiey_alyuminieviy/66.jpg', 6, 1, '2023-09-10 11:30:24', '2023-09-10 11:30:24'),
(470, 'АВВГнг(А)-LS 3x2,5 ок-0,66', 'avvgnga-ls-3x25-ok-066', '3950', '6090', 'avvg_ng_ng_ls_avbshv_kabel_silovoy_plastmassovoy_izolyatsiey_alyuminieviy/67.jpg', 6, 1, '2023-09-10 11:30:24', '2023-09-10 11:30:24'),
(471, 'АВВГ-П 3x4 ок-0,66', 'avvg-p-3x4-ok-066', '3597', '2395', 'avvg_ng_ng_ls_avbshv_kabel_silovoy_plastmassovoy_izolyatsiey_alyuminieviy/68.jpg', 6, 1, '2023-09-10 11:30:24', '2023-09-10 11:30:24'),
(472, 'АВВГнг(А) 3x2,5 ок-0,66', 'avvgnga-3x25-ok-066', '3329', '84', 'avvg_ng_ng_ls_avbshv_kabel_silovoy_plastmassovoy_izolyatsiey_alyuminieviy/69.jpg', 6, 1, '2023-09-10 11:30:24', '2023-09-10 11:30:24'),
(473, 'АВВГ-П 2x6 ок-0,66', 'avvg-p-2x6-ok-066', '3322', '700', 'avvg_ng_ng_ls_avbshv_kabel_silovoy_plastmassovoy_izolyatsiey_alyuminieviy/70.jpg', 6, 1, '2023-09-10 11:30:24', '2023-09-10 11:30:24'),
(474, 'АВВГ-П 3x2,5 ок-0,66', 'avvg-p-3x25-ok-066', '2688', '4370', 'avvg_ng_ng_ls_avbshv_kabel_silovoy_plastmassovoy_izolyatsiey_alyuminieviy/71.jpg', 6, 1, '2023-09-10 11:30:24', '2023-09-10 11:30:24'),
(475, 'АВВГ-П 2x4 ок-0,66', 'avvg-p-2x4-ok-066', '2647', '1200', 'avvg_ng_ng_ls_avbshv_kabel_silovoy_plastmassovoy_izolyatsiey_alyuminieviy/72.jpg', 6, 1, '2023-09-10 11:30:24', '2023-09-10 11:30:24'),
(476, 'АВВГ-П 2x2,5 ок-0,66', 'avvg-p-2x25-ok-066', '1819', '12500', 'avvg_ng_ng_ls_avbshv_kabel_silovoy_plastmassovoy_izolyatsiey_alyuminieviy/73.jpg', 6, 1, '2023-09-10 11:30:24', '2023-09-10 11:30:24'),
(477, 'АВВГнг(А)-LS 5x240 мс-1', 'avvgnga-ls-5x240-ms-1-1', '221694', '56', 'avvg_ng_ng_ls_avbshv_kabel_silovoy_plastmassovoy_izolyatsiey_alyuminieviy/74.jpg', 6, 1, '2023-09-10 11:30:24', '2023-09-10 11:30:24'),
(478, 'АВБШвнг(А)-LS 4x240 мс-1', 'avbsvnga-ls-4x240-ms-1-1', '202731', '30', 'avvg_ng_ng_ls_avbshv_kabel_silovoy_plastmassovoy_izolyatsiey_alyuminieviy/75.jpg', 6, 1, '2023-09-10 11:30:24', '2023-09-10 11:30:24'),
(479, 'АВБШв 4x240 мс-1', 'avbsv-4x240-ms-1-1', '187186', '792', 'avvg_ng_ng_ls_avbshv_kabel_silovoy_plastmassovoy_izolyatsiey_alyuminieviy/76.jpg', 6, 1, '2023-09-10 11:30:25', '2023-09-10 11:30:25'),
(480, 'АВВГнг(А)-LS 4x240 мс-1', 'avvgnga-ls-4x240-ms-1-1', '177955', '297', 'avvg_ng_ng_ls_avbshv_kabel_silovoy_plastmassovoy_izolyatsiey_alyuminieviy/77.jpg', 6, 1, '2023-09-10 11:30:25', '2023-09-10 11:30:25'),
(481, 'АВВГнг(А)-LS 5x185 мс-1', 'avvgnga-ls-5x185-ms-1-1', '173568', '84', 'avvg_ng_ng_ls_avbshv_kabel_silovoy_plastmassovoy_izolyatsiey_alyuminieviy/78.jpg', 6, 1, '2023-09-10 11:30:25', '2023-09-10 11:30:25'),
(482, 'АВБШв 4x185 мс-1', 'avbsv-4x185-ms-1-1', '146939', '430', 'avvg_ng_ng_ls_avbshv_kabel_silovoy_plastmassovoy_izolyatsiey_alyuminieviy/79.jpg', 6, 1, '2023-09-10 11:30:25', '2023-09-10 11:30:25'),
(483, 'АВВГнг(А)-LS 5x150 мс-1', 'avvgnga-ls-5x150-ms-1-1', '141822', '1486', 'avvg_ng_ng_ls_avbshv_kabel_silovoy_plastmassovoy_izolyatsiey_alyuminieviy/80.jpg', 6, 1, '2023-09-10 11:30:25', '2023-09-10 11:30:25'),
(484, 'АВВГнг(А)-LS 4x185 мс-1', 'avvgnga-ls-4x185-ms-1-1', '136232', '901', 'avvg_ng_ng_ls_avbshv_kabel_silovoy_plastmassovoy_izolyatsiey_alyuminieviy/81.jpg', 6, 1, '2023-09-10 11:30:25', '2023-09-10 11:30:25'),
(485, 'АВБШв 4x150 мс-1', 'avbsv-4x150-ms-1-1', '122572', '3243', 'avvg_ng_ng_ls_avbshv_kabel_silovoy_plastmassovoy_izolyatsiey_alyuminieviy/82.jpg', 6, 1, '2023-09-10 11:30:25', '2023-09-10 11:30:25'),
(486, 'АВВГнг(А)-LS 5x120 мс-1', 'avvgnga-ls-5x120-ms-1-1', '115422', '815', 'avvg_ng_ng_ls_avbshv_kabel_silovoy_plastmassovoy_izolyatsiey_alyuminieviy/83.jpg', 6, 1, '2023-09-10 11:30:25', '2023-09-10 11:30:25'),
(487, 'АВВГнг(А)-LS 4x150 мс-1', 'avvgnga-ls-4x150-ms-1-1', '112995', '4010', 'category_6/product_487/9.jpg', 6, 1, '2023-09-10 11:30:25', '2023-09-10 15:16:48'),
(488, 'АВБШв 5x95 мс-1', 'avbsv-5x95-ms-1-1', '109184', '216', 'avvg_ng_ng_ls_avbshv_kabel_silovoy_plastmassovoy_izolyatsiey_alyuminieviy/85.jpg', 6, 1, '2023-09-10 11:30:25', '2023-09-10 11:30:25'),
(489, 'АВБШв 4x120 мс-1', 'avbsv-4x120-ms-1-1', '97911', '65', 'avvg_ng_ng_ls_avbshv_kabel_silovoy_plastmassovoy_izolyatsiey_alyuminieviy/86.jpg', 6, 1, '2023-09-10 11:30:25', '2023-09-10 11:30:25'),
(490, 'АВВГнг(А)-LS 5x95 мс-1', 'avvgnga-ls-5x95-ms-1-1', '95799', '142', 'avvg_ng_ng_ls_avbshv_kabel_silovoy_plastmassovoy_izolyatsiey_alyuminieviy/87.jpg', 6, 1, '2023-09-10 11:30:25', '2023-09-10 11:30:25'),
(491, 'АВВГнг(А)-LS 4x120 мс-1', 'avvgnga-ls-4x120-ms-1-1', '92318', '267', 'avvg_ng_ng_ls_avbshv_kabel_silovoy_plastmassovoy_izolyatsiey_alyuminieviy/88.jpg', 6, 1, '2023-09-10 11:30:25', '2023-09-10 11:30:25');

-- --------------------------------------------------------

--
-- Структура таблицы `roles`
--

CREATE TABLE `roles` (
  `id` bigint(20) UNSIGNED NOT NULL,
  `name` varchar(255) COLLATE utf8mb4_unicode_ci NOT NULL,
  `guard_name` varchar(255) COLLATE utf8mb4_unicode_ci NOT NULL,
  `created_at` timestamp NULL DEFAULT NULL,
  `updated_at` timestamp NULL DEFAULT NULL
) ENGINE=InnoDB DEFAULT CHARSET=utf8mb4 COLLATE=utf8mb4_unicode_ci;

--
-- Дамп данных таблицы `roles`
--

INSERT INTO `roles` (`id`, `name`, `guard_name`, `created_at`, `updated_at`) VALUES
(1, 'Администратор', 'web', '2023-09-11 15:05:00', '2023-09-11 15:05:00'),
(3, 'Менеджер', 'web', '2023-09-11 16:41:47', '2023-09-11 16:41:47');

-- --------------------------------------------------------

--
-- Структура таблицы `role_has_permissions`
--

CREATE TABLE `role_has_permissions` (
  `permission_id` bigint(20) UNSIGNED NOT NULL,
  `role_id` bigint(20) UNSIGNED NOT NULL
) ENGINE=InnoDB DEFAULT CHARSET=utf8mb4 COLLATE=utf8mb4_unicode_ci;

-- --------------------------------------------------------

--
-- Структура таблицы `users`
--

CREATE TABLE `users` (
  `id` bigint(20) UNSIGNED NOT NULL,
  `name` varchar(255) COLLATE utf8mb4_unicode_ci NOT NULL,
  `email` varchar(255) COLLATE utf8mb4_unicode_ci NOT NULL,
  `email_verified_at` timestamp NULL DEFAULT NULL,
  `password` varchar(255) COLLATE utf8mb4_unicode_ci NOT NULL,
  `remember_token` varchar(100) COLLATE utf8mb4_unicode_ci DEFAULT NULL,
  `created_at` timestamp NULL DEFAULT NULL,
  `updated_at` timestamp NULL DEFAULT NULL
) ENGINE=InnoDB DEFAULT CHARSET=utf8mb4 COLLATE=utf8mb4_unicode_ci;

--
-- Дамп данных таблицы `users`
--

INSERT INTO `users` (`id`, `name`, `email`, `email_verified_at`, `password`, `remember_token`, `created_at`, `updated_at`) VALUES
(1, 'Виталий', 'admin@mail.ru', NULL, '$2y$10$t5LNErP4kQhUw7jeOlnl0OWFaqvO5Ll7WfmLPpxCBMk7g0elDmo8S', NULL, '2023-09-05 16:51:18', '2023-09-11 17:12:02'),
(5, 'Pavel', 'manager@mail.ru', NULL, '$2y$10$6Nl5KxcpnBjgGwPL/8OZr.QS1muOG7sFTJtWWD3TRoCrV00xZog8y', NULL, '2023-09-11 16:15:05', '2023-09-11 17:11:35');

--
-- Индексы сохранённых таблиц
--

--
-- Индексы таблицы `categories`
--
ALTER TABLE `categories`
  ADD PRIMARY KEY (`id`),
  ADD UNIQUE KEY `categories_category_unique` (`category`),
  ADD UNIQUE KEY `categories_slug_unique` (`slug`);

--
-- Индексы таблицы `failed_jobs`
--
ALTER TABLE `failed_jobs`
  ADD PRIMARY KEY (`id`),
  ADD UNIQUE KEY `failed_jobs_uuid_unique` (`uuid`);

--
-- Индексы таблицы `migrations`
--
ALTER TABLE `migrations`
  ADD PRIMARY KEY (`id`);

--
-- Индексы таблицы `model_has_permissions`
--
ALTER TABLE `model_has_permissions`
  ADD PRIMARY KEY (`permission_id`,`model_id`,`model_type`),
  ADD KEY `model_has_permissions_model_id_model_type_index` (`model_id`,`model_type`);

--
-- Индексы таблицы `model_has_roles`
--
ALTER TABLE `model_has_roles`
  ADD PRIMARY KEY (`role_id`,`model_id`,`model_type`),
  ADD KEY `model_has_roles_model_id_model_type_index` (`model_id`,`model_type`);

--
-- Индексы таблицы `password_reset_tokens`
--
ALTER TABLE `password_reset_tokens`
  ADD PRIMARY KEY (`email`);

--
-- Индексы таблицы `permissions`
--
ALTER TABLE `permissions`
  ADD PRIMARY KEY (`id`),
  ADD UNIQUE KEY `permissions_name_guard_name_unique` (`name`,`guard_name`);

--
-- Индексы таблицы `personal_access_tokens`
--
ALTER TABLE `personal_access_tokens`
  ADD PRIMARY KEY (`id`),
  ADD UNIQUE KEY `personal_access_tokens_token_unique` (`token`),
  ADD KEY `personal_access_tokens_tokenable_type_tokenable_id_index` (`tokenable_type`,`tokenable_id`);

--
-- Индексы таблицы `products`
--
ALTER TABLE `products`
  ADD PRIMARY KEY (`id`),
  ADD KEY `products_category_id_foreign` (`category_id`);

--
-- Индексы таблицы `roles`
--
ALTER TABLE `roles`
  ADD PRIMARY KEY (`id`),
  ADD UNIQUE KEY `roles_name_guard_name_unique` (`name`,`guard_name`);

--
-- Индексы таблицы `role_has_permissions`
--
ALTER TABLE `role_has_permissions`
  ADD PRIMARY KEY (`permission_id`,`role_id`),
  ADD KEY `role_has_permissions_role_id_foreign` (`role_id`);

--
-- Индексы таблицы `users`
--
ALTER TABLE `users`
  ADD PRIMARY KEY (`id`),
  ADD UNIQUE KEY `users_email_unique` (`email`);

--
-- AUTO_INCREMENT для сохранённых таблиц
--

--
-- AUTO_INCREMENT для таблицы `categories`
--
ALTER TABLE `categories`
  MODIFY `id` bigint(20) UNSIGNED NOT NULL AUTO_INCREMENT, AUTO_INCREMENT=12;

--
-- AUTO_INCREMENT для таблицы `failed_jobs`
--
ALTER TABLE `failed_jobs`
  MODIFY `id` bigint(20) UNSIGNED NOT NULL AUTO_INCREMENT;

--
-- AUTO_INCREMENT для таблицы `migrations`
--
ALTER TABLE `migrations`
  MODIFY `id` int(10) UNSIGNED NOT NULL AUTO_INCREMENT, AUTO_INCREMENT=14;

--
-- AUTO_INCREMENT для таблицы `permissions`
--
ALTER TABLE `permissions`
  MODIFY `id` bigint(20) UNSIGNED NOT NULL AUTO_INCREMENT;

--
-- AUTO_INCREMENT для таблицы `personal_access_tokens`
--
ALTER TABLE `personal_access_tokens`
  MODIFY `id` bigint(20) UNSIGNED NOT NULL AUTO_INCREMENT;

--
-- AUTO_INCREMENT для таблицы `products`
--
ALTER TABLE `products`
  MODIFY `id` bigint(20) UNSIGNED NOT NULL AUTO_INCREMENT, AUTO_INCREMENT=492;

--
-- AUTO_INCREMENT для таблицы `roles`
--
ALTER TABLE `roles`
  MODIFY `id` bigint(20) UNSIGNED NOT NULL AUTO_INCREMENT, AUTO_INCREMENT=4;

--
-- AUTO_INCREMENT для таблицы `users`
--
ALTER TABLE `users`
  MODIFY `id` bigint(20) UNSIGNED NOT NULL AUTO_INCREMENT, AUTO_INCREMENT=6;

--
-- Ограничения внешнего ключа сохраненных таблиц
--

--
-- Ограничения внешнего ключа таблицы `model_has_permissions`
--
ALTER TABLE `model_has_permissions`
  ADD CONSTRAINT `model_has_permissions_permission_id_foreign` FOREIGN KEY (`permission_id`) REFERENCES `permissions` (`id`) ON DELETE CASCADE;

--
-- Ограничения внешнего ключа таблицы `model_has_roles`
--
ALTER TABLE `model_has_roles`
  ADD CONSTRAINT `model_has_roles_role_id_foreign` FOREIGN KEY (`role_id`) REFERENCES `roles` (`id`) ON DELETE CASCADE;

--
-- Ограничения внешнего ключа таблицы `products`
--
ALTER TABLE `products`
  ADD CONSTRAINT `products_category_id_foreign` FOREIGN KEY (`category_id`) REFERENCES `categories` (`id`) ON DELETE CASCADE;

--
-- Ограничения внешнего ключа таблицы `role_has_permissions`
--
ALTER TABLE `role_has_permissions`
  ADD CONSTRAINT `role_has_permissions_permission_id_foreign` FOREIGN KEY (`permission_id`) REFERENCES `permissions` (`id`) ON DELETE CASCADE,
  ADD CONSTRAINT `role_has_permissions_role_id_foreign` FOREIGN KEY (`role_id`) REFERENCES `roles` (`id`) ON DELETE CASCADE;
COMMIT;

/*!40101 SET CHARACTER_SET_CLIENT=@OLD_CHARACTER_SET_CLIENT */;
/*!40101 SET CHARACTER_SET_RESULTS=@OLD_CHARACTER_SET_RESULTS */;
/*!40101 SET COLLATION_CONNECTION=@OLD_COLLATION_CONNECTION */;
